{
  "peak_cpu_memory_MB": 2967.144,
  "peak_gpu_0_memory_MB": 441,
  "training_duration": "00:26:46",
  "training_start_epoch": 0,
  "training_epochs": 6,
  "epoch": 6,
  "training_accuracy": 0.9689428233245163,
  "training_accuracy3": 1.0,
  "training_loss": 0.08519717627871115,
  "training_cpu_memory_MB": 2967.144,
  "training_gpu_0_memory_MB": 441,
  "validation_accuracy": 0.9302186587277422,
  "validation_accuracy3": 1.0,
  "validation_loss": 0.2578099101629792,
  "best_epoch": 0,
  "best_validation_accuracy": 0.9394882551281618,
  "best_validation_accuracy3": 1.0,
  "best_validation_loss": 0.1895875420649441
}