{
  "peak_cpu_memory_MB": 2829.088,
  "peak_gpu_0_memory_MB": 349,
  "training_duration": "00:03:55",
  "training_start_epoch": 0,
  "training_epochs": 0,
  "epoch": 0,
  "training_accuracy": 0.9564597199881403,
  "training_accuracy3": 1.0,
  "training_loss": 0.14440203007491748,
  "training_cpu_memory_MB": 2829.088,
  "training_gpu_0_memory_MB": 349,
  "validation_accuracy": 0.9394882551281618,
  "validation_accuracy3": 1.0,
  "validation_loss": 0.1895875420649441,
  "best_epoch": 0,
  "best_validation_accuracy": 0.9394882551281618,
  "best_validation_accuracy3": 1.0,
  "best_validation_loss": 0.1895875420649441
}