{
  "peak_cpu_memory_MB": 3817.824,
  "peak_gpu_0_memory_MB": 844,
  "training_duration": "00:19:39",
  "training_start_epoch": 0,
  "training_epochs": 1,
  "epoch": 1,
  "training_accuracy": 0.9569187924841985,
  "training_accuracy3": 1.0,
  "training_loss": 0.13623931454754437,
  "training_cpu_memory_MB": 3817.824,
  "training_gpu_0_memory_MB": 844,
  "validation_accuracy": 0.939995714785119,
  "validation_accuracy3": 1.0,
  "validation_loss": 0.18396131413019434,
  "best_epoch": 1,
  "best_validation_accuracy": 0.939995714785119,
  "best_validation_accuracy3": 1.0,
  "best_validation_loss": 0.18396131413019434
}