{
  "peak_cpu_memory_MB": 3818.512,
  "peak_gpu_0_memory_MB": 851,
  "training_duration": "01:12:05",
  "training_start_epoch": 0,
  "training_epochs": 7,
  "epoch": 7,
  "training_accuracy": 0.9580917840372711,
  "training_accuracy3": 1.0,
  "training_loss": 0.12406052688133962,
  "training_cpu_memory_MB": 3818.512,
  "training_gpu_0_memory_MB": 419,
  "validation_accuracy": 0.9386875965582958,
  "validation_accuracy3": 1.0,
  "validation_loss": 0.18475719632542864,
  "best_epoch": 3,
  "best_validation_accuracy": 0.9393980400780361,
  "best_validation_accuracy3": 1.0,
  "best_validation_loss": 0.18099530231283636
}