{
  "peak_cpu_memory_MB": 3818.304,
  "peak_gpu_0_memory_MB": 851,
  "training_duration": "00:58:13",
  "training_start_epoch": 0,
  "training_epochs": 5,
  "epoch": 5,
  "training_accuracy": 0.9576677841319924,
  "training_accuracy3": 1.0,
  "training_loss": 0.12733877489203793,
  "training_cpu_memory_MB": 3818.304,
  "training_gpu_0_memory_MB": 851,
  "validation_accuracy": 0.9399280534975247,
  "validation_accuracy3": 1.0,
  "validation_loss": 0.1834932304918766,
  "best_epoch": 3,
  "best_validation_accuracy": 0.9393980400780361,
  "best_validation_accuracy3": 1.0,
  "best_validation_loss": 0.18099530231283636
}