{
  "peak_cpu_memory_MB": 3818.0,
  "peak_gpu_0_memory_MB": 844,
  "training_duration": "00:29:11",
  "training_start_epoch": 0,
  "training_epochs": 2,
  "epoch": 2,
  "training_accuracy": 0.9570916995230868,
  "training_accuracy3": 1.0,
  "training_loss": 0.13315773893300875,
  "training_cpu_memory_MB": 3818.0,
  "training_gpu_0_memory_MB": 844,
  "validation_accuracy": 0.9399731610225875,
  "validation_accuracy3": 1.0,
  "validation_loss": 0.18225988654457792,
  "best_epoch": 2,
  "best_validation_accuracy": 0.9399731610225875,
  "best_validation_accuracy3": 1.0,
  "best_validation_loss": 0.18225988654457792
}