{
  "peak_cpu_memory_MB": 3818.452,
  "peak_gpu_0_memory_MB": 851,
  "training_duration": "01:05:10",
  "training_start_epoch": 0,
  "training_epochs": 6,
  "epoch": 6,
  "training_accuracy": 0.957863759052102,
  "training_accuracy3": 1.0,
  "training_loss": 0.12553689269917892,
  "training_cpu_memory_MB": 3818.452,
  "training_gpu_0_memory_MB": 851,
  "validation_accuracy": 0.9395108088906932,
  "validation_accuracy3": 1.0,
  "validation_loss": 0.184672189838424,
  "best_epoch": 3,
  "best_validation_accuracy": 0.9393980400780361,
  "best_validation_accuracy3": 1.0,
  "best_validation_loss": 0.18099530231283636
}