{
  "peak_cpu_memory_MB": 3038.26,
  "peak_gpu_0_memory_MB": 1178,
  "training_duration": "01:01:34",
  "training_start_epoch": 0,
  "training_epochs": 9,
  "epoch": 9,
  "training_accuracy": 0.9561175862704758,
  "training_accuracy3": 1.0,
  "training_loss": 0.1316623871407912,
  "training_cpu_memory_MB": 3038.26,
  "training_gpu_0_memory_MB": 1178,
  "validation_accuracy": 0.9414053249433336,
  "validation_accuracy3": 1.0,
  "validation_loss": 0.16535523119477594,
  "best_epoch": 8,
  "best_validation_accuracy": 0.9414504324683965,
  "best_validation_accuracy3": 1.0,
  "best_validation_loss": 0.1648683247669619
}