{
  "peak_cpu_memory_MB": 3038.26,
  "peak_gpu_0_memory_MB": 1178,
  "training_duration": "01:15:01",
  "training_start_epoch": 0,
  "training_epochs": 11,
  "epoch": 11,
  "training_accuracy": 0.9563187279682429,
  "training_accuracy3": 1.0,
  "training_loss": 0.13013282262450632,
  "training_cpu_memory_MB": 3038.26,
  "training_gpu_0_memory_MB": 1178,
  "validation_accuracy": 0.9419466152440881,
  "validation_accuracy3": 1.0,
  "validation_loss": 0.16155898795292087,
  "best_epoch": 10,
  "best_validation_accuracy": 0.9419240614815566,
  "best_validation_accuracy3": 1.0,
  "best_validation_loss": 0.15988971787143727
}