{
  "peak_cpu_memory_MB": 3586.74,
  "peak_gpu_0_memory_MB": 348,
  "training_duration": "00:10:15",
  "training_start_epoch": 0,
  "training_epochs": 0,
  "epoch": 0,
  "training_accuracy": 0.9575038592769424,
  "training_accuracy3": 1.0,
  "training_loss": 0.13559969052502807,
  "training_cpu_memory_MB": 3586.74,
  "training_gpu_0_memory_MB": 348,
  "validation_accuracy": 0.9379545992760242,
  "validation_accuracy3": 1.0,
  "validation_loss": 0.19960086245317848,
  "best_epoch": 0,
  "best_validation_accuracy": 0.9379545992760242,
  "best_validation_accuracy3": 1.0,
  "best_validation_loss": 0.19960086245317848
}