{
  "peak_cpu_memory_MB": 3038.26,
  "peak_gpu_0_memory_MB": 1065,
  "training_duration": "00:35:02",
  "training_start_epoch": 0,
  "training_epochs": 5,
  "epoch": 5,
  "training_accuracy": 0.9557838076560652,
  "training_accuracy3": 1.0,
  "training_loss": 0.13559102656039518,
  "training_cpu_memory_MB": 3038.26,
  "training_gpu_0_memory_MB": 1065,
  "validation_accuracy": 0.9408527577613135,
  "validation_accuracy3": 1.0,
  "validation_loss": 0.16930121609142848,
  "best_epoch": 5,
  "best_validation_accuracy": 0.9408527577613135,
  "best_validation_accuracy3": 1.0,
  "best_validation_loss": 0.16930121609142848
}