{
  "peak_cpu_memory_MB": 3038.26,
  "peak_gpu_0_memory_MB": 1178,
  "training_duration": "01:08:22",
  "training_start_epoch": 0,
  "training_epochs": 10,
  "epoch": 10,
  "training_accuracy": 0.9561857266644658,
  "training_accuracy3": 1.0,
  "training_loss": 0.13095298393588892,
  "training_cpu_memory_MB": 3038.26,
  "training_gpu_0_memory_MB": 1178,
  "validation_accuracy": 0.9419240614815566,
  "validation_accuracy3": 1.0,
  "validation_loss": 0.15988971787143727,
  "best_epoch": 10,
  "best_validation_accuracy": 0.9419240614815566,
  "best_validation_accuracy3": 1.0,
  "best_validation_loss": 0.15988971787143727
}