{
  "peak_cpu_memory_MB": 3038.26,
  "peak_gpu_0_memory_MB": 1053,
  "training_duration": "00:23:03",
  "training_start_epoch": 0,
  "training_epochs": 3,
  "epoch": 3,
  "training_accuracy": 0.9556005209278462,
  "training_accuracy3": 1.0,
  "training_loss": 0.13839664629143755,
  "training_cpu_memory_MB": 3038.26,
  "training_gpu_0_memory_MB": 1053,
  "validation_accuracy": 0.9403340212230905,
  "validation_accuracy3": 1.0,
  "validation_loss": 0.17540396411656117,
  "best_epoch": 3,
  "best_validation_accuracy": 0.9403340212230905,
  "best_validation_accuracy3": 1.0,
  "best_validation_loss": 0.17540396411656117
}