{
  "peak_cpu_memory_MB": 3038.26,
  "peak_gpu_0_memory_MB": 1178,
  "training_duration": "00:48:19",
  "training_start_epoch": 0,
  "training_epochs": 7,
  "epoch": 7,
  "training_accuracy": 0.9559350283165241,
  "training_accuracy3": 1.0,
  "training_loss": 0.13351386620182945,
  "training_cpu_memory_MB": 3038.26,
  "training_gpu_0_memory_MB": 1178,
  "validation_accuracy": 0.9410895722678936,
  "validation_accuracy3": 1.0,
  "validation_loss": 0.16811894933331986,
  "best_epoch": 6,
  "best_validation_accuracy": 0.941191064199285,
  "best_validation_accuracy3": 1.0,
  "best_validation_loss": 0.16702208713609346
}