{
  "peak_cpu_memory_MB": 561.752,
  "training_duration": "00:00:01",
  "training_start_epoch": 0,
  "training_epochs": 6,
  "epoch": 6,
  "training_accuracy": 0.5231963927855712,
  "training_accuracy3": 1.0,
  "training_loss": 0.662911613782247,
  "training_cpu_memory_MB": 561.752,
  "validation_accuracy": 0.5783294196578329,
  "validation_accuracy3": 1.0,
  "validation_loss": 0.6507195830345154,
  "best_epoch": 6,
  "best_validation_accuracy": 0.5783294196578329,
  "best_validation_accuracy3": 1.0,
  "best_validation_loss": 0.6507195830345154
}