{
  "peak_cpu_memory_MB": 561.96,
  "training_duration": "00:00:01",
  "training_start_epoch": 0,
  "training_epochs": 12,
  "epoch": 12,
  "training_accuracy": 0.6149298597194389,
  "training_accuracy3": 1.0,
  "training_loss": 0.6418578823407491,
  "training_cpu_memory_MB": 561.96,
  "validation_accuracy": 0.6277088225427708,
  "validation_accuracy3": 1.0,
  "validation_loss": 0.6303044160207113,
  "best_epoch": 12,
  "best_validation_accuracy": 0.6277088225427708,
  "best_validation_accuracy3": 1.0,
  "best_validation_loss": 0.6303044160207113
}