{
  "peak_cpu_memory_MB": 561.752,
  "training_duration": "00:00:00",
  "training_start_epoch": 0,
  "training_epochs": 5,
  "epoch": 5,
  "training_accuracy": 0.5754008016032064,
  "training_accuracy3": 1.0,
  "training_loss": 0.6657897631327311,
  "training_cpu_memory_MB": 561.752,
  "validation_accuracy": 0.5608185172760819,
  "validation_accuracy3": 1.0,
  "validation_loss": 0.6548207998275757,
  "best_epoch": 5,
  "best_validation_accuracy": 0.5608185172760819,
  "best_validation_accuracy3": 1.0,
  "best_validation_loss": 0.6548207998275757
}