{
  "peak_cpu_memory_MB": 561.748,
  "training_duration": "00:00:00",
  "training_start_epoch": 0,
  "training_epochs": 4,
  "epoch": 4,
  "training_accuracy": 0.5709418837675351,
  "training_accuracy3": 1.0,
  "training_loss": 0.6684373815854391,
  "training_cpu_memory_MB": 561.748,
  "validation_accuracy": 0.612680308621268,
  "validation_accuracy3": 1.0,
  "validation_loss": 0.6592405041058859,
  "best_epoch": 4,
  "best_validation_accuracy": 0.612680308621268,
  "best_validation_accuracy3": 1.0,
  "best_validation_loss": 0.6592405041058859
}