{
  "peak_cpu_memory_MB": 562.06,
  "training_duration": "00:00:04",
  "training_start_epoch": 0,
  "training_epochs": 30,
  "epoch": 30,
  "training_accuracy": 0.7382264529058116,
  "training_accuracy3": 1.0,
  "training_loss": 0.5703476866086324,
  "training_cpu_memory_MB": 562.06,
  "validation_accuracy": 0.6826568265682657,
  "validation_accuracy3": 1.0,
  "validation_loss": 0.575635035832723,
  "best_epoch": 30,
  "best_validation_accuracy": 0.6826568265682657,
  "best_validation_accuracy3": 1.0,
  "best_validation_loss": 0.575635035832723
}