{
  "peak_cpu_memory_MB": 561.964,
  "training_duration": "00:00:02",
  "training_start_epoch": 0,
  "training_epochs": 13,
  "epoch": 13,
  "training_accuracy": 0.6192885771543086,
  "training_accuracy3": 1.0,
  "training_loss": 0.6381822824478149,
  "training_cpu_memory_MB": 561.964,
  "validation_accuracy": 0.627440456222744,
  "validation_accuracy3": 1.0,
  "validation_loss": 0.6271729071935018,
  "best_epoch": 13,
  "best_validation_accuracy": 0.627440456222744,
  "best_validation_accuracy3": 1.0,
  "best_validation_loss": 0.6271729071935018
}