{
  "peak_cpu_memory_MB": 562.056,
  "training_duration": "00:00:04",
  "training_start_epoch": 0,
  "training_epochs": 28,
  "epoch": 28,
  "training_accuracy": 0.7338677354709419,
  "training_accuracy3": 1.0,
  "training_loss": 0.5742346048355103,
  "training_cpu_memory_MB": 562.056,
  "validation_accuracy": 0.6826568265682657,
  "validation_accuracy3": 1.0,
  "validation_loss": 0.5812518000602722,
  "best_epoch": 28,
  "best_validation_accuracy": 0.6826568265682657,
  "best_validation_accuracy3": 1.0,
  "best_validation_loss": 0.5812518000602722
}