{
  "peak_cpu_memory_MB": 562.064,
  "training_duration": "00:00:04",
  "training_start_epoch": 0,
  "training_epochs": 31,
  "epoch": 31,
  "training_accuracy": 0.7409819639278558,
  "training_accuracy3": 1.0,
  "training_loss": 0.5645364125569662,
  "training_cpu_memory_MB": 562.064,
  "validation_accuracy": 0.6852733981885274,
  "validation_accuracy3": 1.0,
  "validation_loss": 0.5726653138796488,
  "best_epoch": 31,
  "best_validation_accuracy": 0.6852733981885274,
  "best_validation_accuracy3": 1.0,
  "best_validation_loss": 0.5726653138796488
}