{
  "peak_cpu_memory_MB": 562.052,
  "training_duration": "00:00:03",
  "training_start_epoch": 0,
  "training_epochs": 24,
  "epoch": 24,
  "training_accuracy": 0.7299098196392786,
  "training_accuracy3": 1.0,
  "training_loss": 0.5966048836708069,
  "training_cpu_memory_MB": 562.052,
  "validation_accuracy": 0.6826568265682657,
  "validation_accuracy3": 1.0,
  "validation_loss": 0.5927919944127401,
  "best_epoch": 24,
  "best_validation_accuracy": 0.6826568265682657,
  "best_validation_accuracy3": 1.0,
  "best_validation_loss": 0.5927919944127401
}