{
  "peak_cpu_memory_MB": 561.956,
  "training_duration": "00:00:01",
  "training_start_epoch": 0,
  "training_epochs": 10,
  "epoch": 10,
  "training_accuracy": 0.4931362725450902,
  "training_accuracy3": 1.0,
  "training_loss": 0.6461342573165894,
  "training_cpu_memory_MB": 561.956,
  "validation_accuracy": 0.5612210667561222,
  "validation_accuracy3": 1.0,
  "validation_loss": 0.6367093920707703,
  "best_epoch": 10,
  "best_validation_accuracy": 0.5612210667561222,
  "best_validation_accuracy3": 1.0,
  "best_validation_loss": 0.6367093920707703
}