{
  "peak_cpu_memory_MB": 561.66,
  "training_duration": "00:00:00",
  "training_start_epoch": 0,
  "training_epochs": 1,
  "epoch": 1,
  "training_accuracy": 0.5097695390781564,
  "training_accuracy3": 1.0,
  "training_loss": 0.6828644474347433,
  "training_cpu_memory_MB": 561.66,
  "validation_accuracy": 0.5049983227104998,
  "validation_accuracy3": 1.0,
  "validation_loss": 0.6739881833394369,
  "best_epoch": 1,
  "best_validation_accuracy": 0.5049983227104998,
  "best_validation_accuracy3": 1.0,
  "best_validation_loss": 0.6739881833394369
}