{
  "peak_cpu_memory_MB": 561.692,
  "training_duration": "00:00:00",
  "training_start_epoch": 0,
  "training_epochs": 2,
  "epoch": 2,
  "training_accuracy": 0.5452404809619239,
  "training_accuracy3": 1.0,
  "training_loss": 0.6775315999984741,
  "training_cpu_memory_MB": 561.692,
  "validation_accuracy": 0.5728950016772895,
  "validation_accuracy3": 1.0,
  "validation_loss": 0.6688622236251831,
  "best_epoch": 2,
  "best_validation_accuracy": 0.5728950016772895,
  "best_validation_accuracy3": 1.0,
  "best_validation_loss": 0.6688622236251831
}