{
  "peak_cpu_memory_MB": 562.06,
  "training_duration": "00:00:04",
  "training_start_epoch": 0,
  "training_epochs": 29,
  "epoch": 29,
  "training_accuracy": 0.7338677354709419,
  "training_accuracy3": 1.0,
  "training_loss": 0.5745283961296082,
  "training_cpu_memory_MB": 562.06,
  "validation_accuracy": 0.6826568265682657,
  "validation_accuracy3": 1.0,
  "validation_loss": 0.5783572991689047,
  "best_epoch": 29,
  "best_validation_accuracy": 0.6826568265682657,
  "best_validation_accuracy3": 1.0,
  "best_validation_loss": 0.5783572991689047
}