{
  "peak_cpu_memory_MB": 561.96,
  "training_duration": "00:00:01",
  "training_start_epoch": 0,
  "training_epochs": 11,
  "epoch": 11,
  "training_accuracy": 0.5508016032064128,
  "training_accuracy3": 1.0,
  "training_loss": 0.6452972491582235,
  "training_cpu_memory_MB": 561.96,
  "validation_accuracy": 0.6348876216034888,
  "validation_accuracy3": 1.0,
  "validation_loss": 0.6334884564081827,
  "best_epoch": 11,
  "best_validation_accuracy": 0.6348876216034888,
  "best_validation_accuracy3": 1.0,
  "best_validation_loss": 0.6334884564081827
}