{
  "peak_cpu_memory_MB": 554.436,
  "training_duration": "00:00:00",
  "training_start_epoch": 0,
  "training_epochs": 0,
  "epoch": 0,
  "training_accuracy": 0.5071643286573146,
  "training_accuracy3": 1.0,
  "training_loss": 0.6850772897402445,
  "training_cpu_memory_MB": 554.436,
  "validation_accuracy": 0.5025830258302583,
  "validation_accuracy3": 1.0,
  "validation_loss": 0.6790624260902405,
  "best_epoch": 0,
  "best_validation_accuracy": 0.5025830258302583,
  "best_validation_accuracy3": 1.0,
  "best_validation_loss": 0.6790624260902405
}