{
  "peak_cpu_memory_MB": 561.784,
  "training_duration": "00:00:01",
  "training_start_epoch": 0,
  "training_epochs": 9,
  "epoch": 9,
  "training_accuracy": 0.4931362725450902,
  "training_accuracy3": 1.0,
  "training_loss": 0.6513921419779459,
  "training_cpu_memory_MB": 561.784,
  "validation_accuracy": 0.561489433076149,
  "validation_accuracy3": 1.0,
  "validation_loss": 0.6399814883867899,
  "best_epoch": 9,
  "best_validation_accuracy": 0.561489433076149,
  "best_validation_accuracy3": 1.0,
  "best_validation_loss": 0.6399814883867899
}