{
  "peak_cpu_memory_MB": 561.964,
  "training_duration": "00:00:02",
  "training_start_epoch": 0,
  "training_epochs": 15,
  "epoch": 15,
  "training_accuracy": 0.6230460921843687,
  "training_accuracy3": 1.0,
  "training_loss": 0.6318238576253256,
  "training_cpu_memory_MB": 561.964,
  "validation_accuracy": 0.6271720899027172,
  "validation_accuracy3": 1.0,
  "validation_loss": 0.6208545366923014,
  "best_epoch": 15,
  "best_validation_accuracy": 0.6271720899027172,
  "best_validation_accuracy3": 1.0,
  "best_validation_loss": 0.6208545366923014
}