{
  "peak_cpu_memory_MB": 562.144,
  "training_duration": "00:00:05",
  "training_start_epoch": 0,
  "training_epochs": 36,
  "epoch": 36,
  "training_accuracy": 0.7561623246492986,
  "training_accuracy3": 1.0,
  "training_loss": 0.5438511570294698,
  "training_cpu_memory_MB": 562.144,
  "validation_accuracy": 0.698960080509896,
  "validation_accuracy3": 1.0,
  "validation_loss": 0.5587498545646667,
  "best_epoch": 36,
  "best_validation_accuracy": 0.698960080509896,
  "best_validation_accuracy3": 1.0,
  "best_validation_loss": 0.5587498545646667
}