{
  "peak_cpu_memory_MB": 561.716,
  "training_duration": "00:00:00",
  "training_start_epoch": 0,
  "training_epochs": 3,
  "epoch": 3,
  "training_accuracy": 0.5474949899799599,
  "training_accuracy3": 1.0,
  "training_loss": 0.6734026074409485,
  "training_cpu_memory_MB": 561.716,
  "validation_accuracy": 0.5869171418986917,
  "validation_accuracy3": 1.0,
  "validation_loss": 0.6640176177024841,
  "best_epoch": 3,
  "best_validation_accuracy": 0.5869171418986917,
  "best_validation_accuracy3": 1.0,
  "best_validation_loss": 0.6640176177024841
}