{
  "peak_cpu_memory_MB": 561.996,
  "training_duration": "00:00:02",
  "training_start_epoch": 0,
  "training_epochs": 20,
  "epoch": 20,
  "training_accuracy": 0.685370741482966,
  "training_accuracy3": 1.0,
  "training_loss": 0.6068699558575948,
  "training_cpu_memory_MB": 561.996,
  "validation_accuracy": 0.6776249580677625,
  "validation_accuracy3": 1.0,
  "validation_loss": 0.6055081486701965,
  "best_epoch": 20,
  "best_validation_accuracy": 0.6776249580677625,
  "best_validation_accuracy3": 1.0,
  "best_validation_loss": 0.6055081486701965
}