{
  "peak_cpu_memory_MB": 562.144,
  "training_duration": "00:00:04",
  "training_start_epoch": 0,
  "training_epochs": 34,
  "epoch": 34,
  "training_accuracy": 0.7470440881763527,
  "training_accuracy3": 1.0,
  "training_loss": 0.5524351596832275,
  "training_cpu_memory_MB": 562.144,
  "validation_accuracy": 0.700570278430057,
  "validation_accuracy3": 1.0,
  "validation_loss": 0.5641548037528992,
  "best_epoch": 34,
  "best_validation_accuracy": 0.700570278430057,
  "best_validation_accuracy3": 1.0,
  "best_validation_loss": 0.5641548037528992
}