{
  "peak_cpu_memory_MB": 562.052,
  "training_duration": "00:00:03",
  "training_start_epoch": 0,
  "training_epochs": 23,
  "epoch": 23,
  "training_accuracy": 0.7103206412825651,
  "training_accuracy3": 1.0,
  "training_loss": 0.6001426974932352,
  "training_cpu_memory_MB": 562.052,
  "validation_accuracy": 0.6831935592083194,
  "validation_accuracy3": 1.0,
  "validation_loss": 0.5958617329597473,
  "best_epoch": 23,
  "best_validation_accuracy": 0.6831935592083194,
  "best_validation_accuracy3": 1.0,
  "best_validation_loss": 0.5958617329597473
}