{
  "peak_cpu_memory_MB": 562.144,
  "training_duration": "00:00:05",
  "training_start_epoch": 0,
  "training_epochs": 39,
  "epoch": 39,
  "training_accuracy": 0.7607214428857716,
  "training_accuracy3": 1.0,
  "training_loss": 0.5325472156206766,
  "training_cpu_memory_MB": 562.144,
  "validation_accuracy": 0.7039919490103992,
  "validation_accuracy3": 1.0,
  "validation_loss": 0.5518954992294312,
  "best_epoch": 39,
  "best_validation_accuracy": 0.7039919490103992,
  "best_validation_accuracy3": 1.0,
  "best_validation_loss": 0.5518954992294312
}