{
  "peak_cpu_memory_MB": 561.996,
  "training_duration": "00:00:03",
  "training_start_epoch": 0,
  "training_epochs": 21,
  "epoch": 21,
  "training_accuracy": 0.7008016032064128,
  "training_accuracy3": 1.0,
  "training_loss": 0.6058926184972128,
  "training_cpu_memory_MB": 561.996,
  "validation_accuracy": 0.6776249580677625,
  "validation_accuracy3": 1.0,
  "validation_loss": 0.6021026968955994,
  "best_epoch": 21,
  "best_validation_accuracy": 0.6776249580677625,
  "best_validation_accuracy3": 1.0,
  "best_validation_loss": 0.6021026968955994
}