{
  "peak_cpu_memory_MB": 561.996,
  "training_duration": "00:00:02",
  "training_start_epoch": 0,
  "training_epochs": 19,
  "epoch": 19,
  "training_accuracy": 0.6711422845691383,
  "training_accuracy3": 1.0,
  "training_loss": 0.6135225494702657,
  "training_cpu_memory_MB": 561.996,
  "validation_accuracy": 0.6525327071452532,
  "validation_accuracy3": 1.0,
  "validation_loss": 0.6086501479148865,
  "best_epoch": 19,
  "best_validation_accuracy": 0.6525327071452532,
  "best_validation_accuracy3": 1.0,
  "best_validation_loss": 0.6086501479148865
}