{
  "peak_cpu_memory_MB": 562.052,
  "training_duration": "00:00:03",
  "training_start_epoch": 0,
  "training_epochs": 22,
  "epoch": 22,
  "training_accuracy": 0.705561122244489,
  "training_accuracy3": 1.0,
  "training_loss": 0.6030066212018331,
  "training_cpu_memory_MB": 562.052,
  "validation_accuracy": 0.6776249580677625,
  "validation_accuracy3": 1.0,
  "validation_loss": 0.5989421010017395,
  "best_epoch": 22,
  "best_validation_accuracy": 0.6776249580677625,
  "best_validation_accuracy3": 1.0,
  "best_validation_loss": 0.5989421010017395
}