{
  "peak_cpu_memory_MB": 562.144,
  "training_duration": "00:00:05",
  "training_start_epoch": 0,
  "training_epochs": 38,
  "epoch": 38,
  "training_accuracy": 0.7561623246492986,
  "training_accuracy3": 1.0,
  "training_loss": 0.5358155171076456,
  "training_cpu_memory_MB": 562.144,
  "validation_accuracy": 0.698960080509896,
  "validation_accuracy3": 1.0,
  "validation_loss": 0.5538509090741476,
  "best_epoch": 38,
  "best_validation_accuracy": 0.698960080509896,
  "best_validation_accuracy3": 1.0,
  "best_validation_loss": 0.5538509090741476
}