{
  "peak_cpu_memory_MB": 561.764,
  "training_duration": "00:00:01",
  "training_start_epoch": 0,
  "training_epochs": 8,
  "epoch": 8,
  "training_accuracy": 0.49293587174348696,
  "training_accuracy3": 1.0,
  "training_loss": 0.656527042388916,
  "training_cpu_memory_MB": 561.764,
  "validation_accuracy": 0.5532371687353237,
  "validation_accuracy3": 1.0,
  "validation_loss": 0.6432103912035624,
  "best_epoch": 8,
  "best_validation_accuracy": 0.5532371687353237,
  "best_validation_accuracy3": 1.0,
  "best_validation_loss": 0.6432103912035624
}