{
  "peak_cpu_memory_MB": 561.992,
  "training_duration": "00:00:02",
  "training_start_epoch": 0,
  "training_epochs": 16,
  "epoch": 16,
  "training_accuracy": 0.6228456913827656,
  "training_accuracy3": 1.0,
  "training_loss": 0.6249513030052185,
  "training_cpu_memory_MB": 561.992,
  "validation_accuracy": 0.6277088225427708,
  "validation_accuracy3": 1.0,
  "validation_loss": 0.6182481447855631,
  "best_epoch": 16,
  "best_validation_accuracy": 0.6277088225427708,
  "best_validation_accuracy3": 1.0,
  "best_validation_loss": 0.6182481447855631
}