{
  "peak_cpu_memory_MB": 562.144,
  "training_duration": "00:00:05",
  "training_start_epoch": 0,
  "training_epochs": 35,
  "epoch": 35,
  "training_accuracy": 0.7514028056112224,
  "training_accuracy3": 1.0,
  "training_loss": 0.5508967240651449,
  "training_cpu_memory_MB": 562.144,
  "validation_accuracy": 0.698960080509896,
  "validation_accuracy3": 1.0,
  "validation_loss": 0.561275581518809,
  "best_epoch": 35,
  "best_validation_accuracy": 0.698960080509896,
  "best_validation_accuracy3": 1.0,
  "best_validation_loss": 0.561275581518809
}