{
  "peak_cpu_memory_MB": 562.064,
  "training_duration": "00:00:04",
  "training_start_epoch": 0,
  "training_epochs": 32,
  "epoch": 32,
  "training_accuracy": 0.7423346693386773,
  "training_accuracy3": 1.0,
  "training_loss": 0.5592896342277527,
  "training_cpu_memory_MB": 562.064,
  "validation_accuracy": 0.700570278430057,
  "validation_accuracy3": 1.0,
  "validation_loss": 0.5697660446166992,
  "best_epoch": 32,
  "best_validation_accuracy": 0.700570278430057,
  "best_validation_accuracy3": 1.0,
  "best_validation_loss": 0.5697660446166992
}