{
  "peak_cpu_memory_MB": 3038.26,
  "peak_gpu_0_memory_MB": 1022,
  "training_duration": "00:16:28",
  "training_start_epoch": 0,
  "training_epochs": 2,
  "epoch": 2,
  "training_accuracy": 0.9554882896906863,
  "training_accuracy3": 1.0,
  "training_loss": 0.14011032154807415,
  "training_cpu_memory_MB": 3038.26,
  "training_gpu_0_memory_MB": 1022,
  "validation_accuracy": 0.9401310373603077,
  "validation_accuracy3": 1.0,
  "validation_loss": 0.17811246402561665,
  "best_epoch": 1,
  "best_validation_accuracy": 0.9398491153286647,
  "best_validation_accuracy3": 1.0,
  "best_validation_loss": 0.17680169778818988
}