{
  "peak_cpu_memory_MB": 3870.128,
  "peak_gpu_0_memory_MB": 811,
  "training_duration": "00:27:04",
  "training_start_epoch": 0,
  "training_epochs": 1,
  "epoch": 1,
  "training_accuracy": 0.8375188173769111,
  "training_accuracy3": 1.0,
  "training_loss": 0.31258131552828244,
  "training_cpu_memory_MB": 3870.128,
  "training_gpu_0_memory_MB": 811,
  "validation_accuracy": 0.6624087894158965,
  "validation_accuracy3": 1.0,
  "validation_loss": 0.6324993368922448,
  "best_epoch": 0,
  "best_validation_accuracy": 0.7013972382490413,
  "best_validation_accuracy3": 1.0,
  "best_validation_loss": 0.5080081002444637
}