{
  "peak_cpu_memory_MB": 2966.928,
  "peak_gpu_0_memory_MB": 435,
  "training_duration": "00:07:43",
  "training_start_epoch": 0,
  "training_epochs": 1,
  "epoch": 1,
  "training_accuracy": 0.9574367498640096,
  "training_accuracy3": 1.0,
  "training_loss": 0.12823429188765026,
  "training_cpu_memory_MB": 2966.928,
  "training_gpu_0_memory_MB": 435,
  "validation_accuracy": 0.9388905804210788,
  "validation_accuracy3": 1.0,
  "validation_loss": 0.19894512522281432,
  "best_epoch": 0,
  "best_validation_accuracy": 0.9394882551281618,
  "best_validation_accuracy3": 1.0,
  "best_validation_loss": 0.1895875420649441
}