{
  "peak_cpu_memory_MB": 3869.36,
  "peak_gpu_0_memory_MB": 813,
  "training_duration": "00:42:18",
  "training_start_epoch": 0,
  "training_epochs": 2,
  "epoch": 2,
  "training_accuracy": 0.7960087742633025,
  "training_accuracy3": 1.0,
  "training_loss": 0.38232515645317544,
  "training_cpu_memory_MB": 3869.36,
  "training_gpu_0_memory_MB": 813,
  "validation_accuracy": 0.7456822444977222,
  "validation_accuracy3": 1.0,
  "validation_loss": 0.46644611991181667,
  "best_epoch": 0,
  "best_validation_accuracy": 0.7411326830910931,
  "best_validation_accuracy3": 1.0,
  "best_validation_loss": 0.4646761149776225
}