{
  "peak_cpu_memory_MB": 3869.084,
  "peak_gpu_0_memory_MB": 813,
  "training_duration": "00:28:21",
  "training_start_epoch": 0,
  "training_epochs": 1,
  "epoch": 1,
  "training_accuracy": 0.7876343970948111,
  "training_accuracy3": 1.0,
  "training_loss": 0.39344659891914746,
  "training_cpu_memory_MB": 3869.084,
  "training_gpu_0_memory_MB": 813,
  "validation_accuracy": 0.7295091880509096,
  "validation_accuracy3": 1.0,
  "validation_loss": 0.4709352397797059,
  "best_epoch": 0,
  "best_validation_accuracy": 0.7411326830910931,
  "best_validation_accuracy3": 1.0,
  "best_validation_loss": 0.4646761149776225
}