{
  "peak_cpu_memory_MB": 2289.308,
  "peak_gpu_0_memory_MB": 715,
  "training_duration": "00:04:51",
  "training_start_epoch": 0,
  "training_epochs": 9,
  "epoch": 9,
  "training_accuracy": 0.8293630203662765,
  "training_accuracy3": 1.0,
  "training_loss": 0.34539949459563324,
  "training_cpu_memory_MB": 2289.308,
  "training_gpu_0_memory_MB": 715,
  "validation_accuracy": 0.6982076838618033,
  "validation_accuracy3": 1.0,
  "validation_loss": 0.5606930940126886,
  "best_epoch": 6,
  "best_validation_accuracy": 0.7212044895645843,
  "best_validation_accuracy3": 1.0,
  "best_validation_loss": 0.5004362597757456
}