{
  "peak_cpu_memory_MB": 2289.308,
  "peak_gpu_0_memory_MB": 588,
  "training_duration": "00:03:23",
  "training_start_epoch": 0,
  "training_epochs": 7,
  "epoch": 7,
  "training_accuracy": 0.8184346691858765,
  "training_accuracy3": 1.0,
  "training_loss": 0.36076943130950645,
  "training_cpu_memory_MB": 2289.308,
  "training_gpu_0_memory_MB": 588,
  "validation_accuracy": 0.6778206213583945,
  "validation_accuracy3": 1.0,
  "validation_loss": 0.5424098123093041,
  "best_epoch": 6,
  "best_validation_accuracy": 0.7212044895645843,
  "best_validation_accuracy3": 1.0,
  "best_validation_loss": 0.5004362597757456
}