{
  "peak_cpu_memory_MB": 1032.468,
  "training_duration": "00:12:07",
  "training_start_epoch": 0,
  "training_epochs": 11,
  "epoch": 11,
  "training_accuracy": 0.8051538977331718,
  "training_accuracy3": 1.0,
  "training_loss": 0.39528388837757317,
  "training_cpu_memory_MB": 1032.468,
  "validation_accuracy": 0.6921036593318772,
  "validation_accuracy3": 1.0,
  "validation_loss": 0.49965606964364345,
  "best_epoch": 9,
  "best_validation_accuracy": 0.7600743676026646,
  "best_validation_accuracy3": 1.0,
  "best_validation_loss": 0.48104180456424245
}