{
  "peak_cpu_memory_MB": 4204.62,
  "peak_gpu_0_memory_MB": 1395,
  "training_duration": "00:29:51",
  "training_start_epoch": 0,
  "training_epochs": 1,
  "epoch": 1,
  "training_accuracy": 0.961778912457107,
  "training_accuracy3": 1.0,
  "training_loss": 0.11273900557706225,
  "training_cpu_memory_MB": 4204.62,
  "training_gpu_0_memory_MB": 1178,
  "validation_accuracy": 0.9588506602613981,
  "validation_accuracy3": 1.0,
  "validation_loss": 0.11435688161576281,
  "best_epoch": 1,
  "best_validation_accuracy": 0.9588506602613981,
  "best_validation_accuracy3": 1.0,
  "best_validation_loss": 0.11435688161576281
}