{
  "peak_cpu_memory_MB": 3822.028,
  "peak_gpu_0_memory_MB": 844,
  "training_duration": "00:29:44",
  "training_start_epoch": 0,
  "training_epochs": 2,
  "epoch": 2,
  "training_accuracy": 0.9704214644797499,
  "training_accuracy3": 1.0,
  "training_loss": 0.08428018871850708,
  "training_cpu_memory_MB": 3822.028,
  "training_gpu_0_memory_MB": 844,
  "validation_accuracy": 0.929113524363702,
  "validation_accuracy3": 1.0,
  "validation_loss": 0.2712741068431309,
  "best_epoch": 0,
  "best_validation_accuracy": 0.9379545992760242,
  "best_validation_accuracy3": 1.0,
  "best_validation_loss": 0.19960086245317848
}