{
  "peak_cpu_memory_MB": 566.712,
  "training_duration": "00:00:06",
  "training_start_epoch": 0,
  "training_epochs": 8,
  "epoch": 8,
  "training_accuracy": 0.9384023099133783,
  "training_accuracy3": 1.0,
  "training_loss": 0.2605329354604085,
  "training_cpu_memory_MB": 566.712,
  "validation_accuracy": 0.9590461378952825,
  "validation_accuracy3": 1.0,
  "validation_loss": 0.18460668126742044,
  "best_epoch": 6,
  "best_validation_accuracy": 0.9590461378952825,
  "best_validation_accuracy3": 1.0,
  "best_validation_loss": 0.16961807012557983
}