{
  "peak_cpu_memory_MB": 565.092,
  "training_duration": "00:00:02",
  "training_start_epoch": 0,
  "training_epochs": 3,
  "epoch": 3,
  "training_accuracy": 0.9384023099133783,
  "training_accuracy3": 1.0,
  "training_loss": 0.24582233528296152,
  "training_cpu_memory_MB": 565.092,
  "validation_accuracy": 0.9590461378952825,
  "validation_accuracy3": 1.0,
  "validation_loss": 0.17190245787302652,
  "best_epoch": 3,
  "best_validation_accuracy": 0.9590461378952825,
  "best_validation_accuracy3": 1.0,
  "best_validation_loss": 0.17190245787302652
}