{
  "peak_cpu_memory_MB": 565.4,
  "training_duration": "00:00:03",
  "training_start_epoch": 0,
  "training_epochs": 4,
  "epoch": 4,
  "training_accuracy": 0.9384023099133783,
  "training_accuracy3": 1.0,
  "training_loss": 0.2794200579325358,
  "training_cpu_memory_MB": 565.4,
  "validation_accuracy": 0.9590461378952825,
  "validation_accuracy3": 1.0,
  "validation_loss": 0.17788862685362497,
  "best_epoch": 3,
  "best_validation_accuracy": 0.9590461378952825,
  "best_validation_accuracy3": 1.0,
  "best_validation_loss": 0.17190245787302652
}