{
  "peak_cpu_memory_MB": 566.64,
  "training_duration": "00:00:04",
  "training_start_epoch": 0,
  "training_epochs": 5,
  "epoch": 5,
  "training_accuracy": 0.9384023099133783,
  "training_accuracy3": 1.0,
  "training_loss": 0.27899577220280963,
  "training_cpu_memory_MB": 566.64,
  "validation_accuracy": 0.9590461378952825,
  "validation_accuracy3": 1.0,
  "validation_loss": 0.17316085596879324,
  "best_epoch": 3,
  "best_validation_accuracy": 0.9590461378952825,
  "best_validation_accuracy3": 1.0,
  "best_validation_loss": 0.17190245787302652
}