{
  "peak_cpu_memory_MB": 561.544,
  "training_duration": "00:00:01",
  "training_start_epoch": 0,
  "training_epochs": 1,
  "epoch": 1,
  "training_accuracy": 0.9384023099133783,
  "training_accuracy3": 1.0,
  "training_loss": 0.4729369580745697,
  "training_cpu_memory_MB": 561.544,
  "validation_accuracy": 0.9590461378952825,
  "validation_accuracy3": 1.0,
  "validation_loss": 0.3313990632692973,
  "best_epoch": 1,
  "best_validation_accuracy": 0.9590461378952825,
  "best_validation_accuracy3": 1.0,
  "best_validation_loss": 0.3313990632692973
}