{
  "peak_cpu_memory_MB": 561.836,
  "training_duration": "00:00:02",
  "training_start_epoch": 0,
  "training_epochs": 2,
  "epoch": 2,
  "training_accuracy": 0.9384023099133783,
  "training_accuracy3": 1.0,
  "training_loss": 0.3203972280025482,
  "training_cpu_memory_MB": 561.836,
  "validation_accuracy": 0.9590461378952825,
  "validation_accuracy3": 1.0,
  "validation_loss": 0.19204566876093546,
  "best_epoch": 2,
  "best_validation_accuracy": 0.9590461378952825,
  "best_validation_accuracy3": 1.0,
  "best_validation_loss": 0.19204566876093546
}