{
  "peak_cpu_memory_MB": 2967.112,
  "peak_gpu_0_memory_MB": 435,
  "training_duration": "00:19:09",
  "training_start_epoch": 0,
  "training_epochs": 4,
  "epoch": 4,
  "training_accuracy": 0.9641067005339229,
  "training_accuracy3": 1.0,
  "training_loss": 0.1015805714809632,
  "training_cpu_memory_MB": 2967.112,
  "training_gpu_0_memory_MB": 435,
  "validation_accuracy": 0.9348872875717491,
  "validation_accuracy3": 1.0,
  "validation_loss": 0.22263193624664326,
  "best_epoch": 0,
  "best_validation_accuracy": 0.9394882551281618,
  "best_validation_accuracy3": 1.0,
  "best_validation_loss": 0.1895875420649441
}