{
  "peak_cpu_memory_MB": 2969.632,
  "peak_gpu_0_memory_MB": 791,
  "training_duration": "00:15:16",
  "training_start_epoch": 0,
  "training_epochs": 1,
  "epoch": 1,
  "training_accuracy": 0.8129332787373961,
  "training_accuracy3": 1.0,
  "training_loss": 0.34703818222116284,
  "training_cpu_memory_MB": 2969.632,
  "training_gpu_0_memory_MB": 791,
  "validation_accuracy": 0.682338168650356,
  "validation_accuracy3": 1.0,
  "validation_loss": 0.5448121328134926,
  "best_epoch": 0,
  "best_validation_accuracy": 0.6792553279786763,
  "best_validation_accuracy3": 1.0,
  "best_validation_loss": 0.503163317940673
}