{
  "peak_cpu_memory_MB": 3818.004,
  "peak_gpu_0_memory_MB": 844,
  "training_duration": "00:48:33",
  "training_start_epoch": 0,
  "training_epochs": 4,
  "epoch": 4,
  "training_accuracy": 0.9574183243899362,
  "training_accuracy3": 1.0,
  "training_loss": 0.12906012729784028,
  "training_cpu_memory_MB": 3818.004,
  "training_gpu_0_memory_MB": 844,
  "validation_accuracy": 0.9399844379038533,
  "validation_accuracy3": 1.0,
  "validation_loss": 0.1843747598860337,
  "best_epoch": 3,
  "best_validation_accuracy": 0.9393980400780361,
  "best_validation_accuracy3": 1.0,
  "best_validation_loss": 0.18099530231283636
}