{
  "peak_cpu_memory_MB": 3818.0,
  "peak_gpu_0_memory_MB": 844,
  "training_duration": "00:38:52",
  "training_start_epoch": 0,
  "training_epochs": 3,
  "epoch": 3,
  "training_accuracy": 0.9572968607675766,
  "training_accuracy3": 1.0,
  "training_loss": 0.1308924583704505,
  "training_cpu_memory_MB": 3818.0,
  "training_gpu_0_memory_MB": 844,
  "validation_accuracy": 0.9393980400780361,
  "validation_accuracy3": 1.0,
  "validation_loss": 0.18099530231283636,
  "best_epoch": 3,
  "best_validation_accuracy": 0.9393980400780361,
  "best_validation_accuracy3": 1.0,
  "best_validation_loss": 0.18099530231283636
}