{
  "peak_cpu_memory_MB": 2952.18,
  "peak_gpu_0_memory_MB": 791,
  "training_duration": "00:19:13",
  "training_start_epoch": 0,
  "training_epochs": 2,
  "epoch": 2,
  "training_accuracy": 0.8336788564837752,
  "training_accuracy3": 1.0,
  "training_loss": 0.31371986691915893,
  "training_cpu_memory_MB": 2952.18,
  "training_gpu_0_memory_MB": 791,
  "validation_accuracy": 0.6737655001671848,
  "validation_accuracy3": 1.0,
  "validation_loss": 0.5705038196578318,
  "best_epoch": 0,
  "best_validation_accuracy": 0.6796359402308336,
  "best_validation_accuracy3": 1.0,
  "best_validation_loss": 0.5006595193123331
}