{
  "peak_cpu_memory_MB": 2052.392,
  "peak_gpu_0_memory_MB": 365,
  "training_duration": "00:02:14",
  "training_start_epoch": 0,
  "training_epochs": 5,
  "epoch": 5,
  "training_accuracy": 0.8086260555984482,
  "training_accuracy3": 1.0,
  "training_loss": 0.37925281328908633,
  "training_cpu_memory_MB": 2052.392,
  "training_gpu_0_memory_MB": 365,
  "validation_accuracy": 0.7030619722117485,
  "validation_accuracy3": 1.0,
  "validation_loss": 0.5108998840560719,
  "best_epoch": 5,
  "best_validation_accuracy": 0.7030619722117485,
  "best_validation_accuracy3": 1.0,
  "best_validation_loss": 0.5108998840560719
}