{
  "peak_cpu_memory_MB": 2052.384,
  "peak_gpu_0_memory_MB": 365,
  "training_duration": "00:01:29",
  "training_start_epoch": 0,
  "training_epochs": 3,
  "epoch": 3,
  "training_accuracy": 0.7953306702600572,
  "training_accuracy3": 1.0,
  "training_loss": 0.39788738212022395,
  "training_cpu_memory_MB": 2052.384,
  "training_gpu_0_memory_MB": 365,
  "validation_accuracy": 0.7027359025253208,
  "validation_accuracy3": 1.0,
  "validation_loss": 0.5119481047197264,
  "best_epoch": 3,
  "best_validation_accuracy": 0.7027359025253208,
  "best_validation_accuracy3": 1.0,
  "best_validation_loss": 0.5119481047197264
}