{
  "peak_cpu_memory_MB": 2000.6,
  "peak_gpu_0_memory_MB": 324,
  "training_duration": "00:00:23",
  "training_start_epoch": 0,
  "training_epochs": 0,
  "epoch": 0,
  "training_accuracy": 0.6869496621605421,
  "training_accuracy3": 1.0,
  "training_loss": 0.5145698615325773,
  "training_cpu_memory_MB": 2000.6,
  "training_gpu_0_memory_MB": 324,
  "validation_accuracy": 0.6987187239885319,
  "validation_accuracy3": 1.0,
  "validation_loss": 0.5180965093325596,
  "best_epoch": 0,
  "best_validation_accuracy": 0.6987187239885319,
  "best_validation_accuracy3": 1.0,
  "best_validation_loss": 0.5180965093325596
}