{
  "peak_cpu_memory_MB": 2052.392,
  "peak_gpu_0_memory_MB": 365,
  "training_duration": "00:02:58",
  "training_start_epoch": 0,
  "training_epochs": 7,
  "epoch": 7,
  "training_accuracy": 0.8188394051723724,
  "training_accuracy3": 1.0,
  "training_loss": 0.36083102028308317,
  "training_cpu_memory_MB": 2052.392,
  "training_gpu_0_memory_MB": 365,
  "validation_accuracy": 0.6783897611747046,
  "validation_accuracy3": 1.0,
  "validation_loss": 0.5425416167293277,
  "best_epoch": 6,
  "best_validation_accuracy": 0.720240509000709,
  "best_validation_accuracy3": 1.0,
  "best_validation_loss": 0.501031005565001
}