{
  "peak_cpu_memory_MB": 2052.26,
  "peak_gpu_0_memory_MB": 359,
  "training_duration": "00:01:07",
  "training_start_epoch": 0,
  "training_epochs": 2,
  "epoch": 2,
  "training_accuracy": 0.7886976037135965,
  "training_accuracy3": 1.0,
  "training_loss": 0.41228723888907487,
  "training_cpu_memory_MB": 2052.26,
  "training_gpu_0_memory_MB": 359,
  "validation_accuracy": 0.6919673029175529,
  "validation_accuracy3": 1.0,
  "validation_loss": 0.5137655744139029,
  "best_epoch": 2,
  "best_validation_accuracy": 0.6919673029175529,
  "best_validation_accuracy3": 1.0,
  "best_validation_loss": 0.5137655744139029
}