{
  "peak_cpu_memory_MB": 2052.4,
  "peak_gpu_0_memory_MB": 365,
  "training_duration": "00:04:04",
  "training_start_epoch": 0,
  "training_epochs": 10,
  "epoch": 10,
  "training_accuracy": 0.8334487438318523,
  "training_accuracy3": 1.0,
  "training_loss": 0.33699898883645385,
  "training_cpu_memory_MB": 2052.4,
  "training_gpu_0_memory_MB": 365,
  "validation_accuracy": 0.7285712930619485,
  "validation_accuracy3": 1.0,
  "validation_loss": 0.5194441578826126,
  "best_epoch": 6,
  "best_validation_accuracy": 0.720240509000709,
  "best_validation_accuracy3": 1.0,
  "best_validation_loss": 0.501031005565001
}