{
  "peak_cpu_memory_MB": 2052.4,
  "peak_gpu_0_memory_MB": 365,
  "training_duration": "00:03:21",
  "training_start_epoch": 0,
  "training_epochs": 8,
  "epoch": 8,
  "training_accuracy": 0.8244884453630396,
  "training_accuracy3": 1.0,
  "training_loss": 0.35329542729687424,
  "training_cpu_memory_MB": 2052.4,
  "training_gpu_0_memory_MB": 365,
  "validation_accuracy": 0.6821958836962785,
  "validation_accuracy3": 1.0,
  "validation_loss": 0.567090703212485,
  "best_epoch": 6,
  "best_validation_accuracy": 0.720240509000709,
  "best_validation_accuracy3": 1.0,
  "best_validation_loss": 0.501031005565001
}