{
  "peak_cpu_memory_MB": 2052.096,
  "peak_gpu_0_memory_MB": 359,
  "training_duration": "00:00:45",
  "training_start_epoch": 0,
  "training_epochs": 1,
  "epoch": 1,
  "training_accuracy": 0.7772580575549918,
  "training_accuracy3": 1.0,
  "training_loss": 0.43164121708746767,
  "training_cpu_memory_MB": 2052.096,
  "training_gpu_0_memory_MB": 359,
  "validation_accuracy": 0.6731928032270228,
  "validation_accuracy3": 1.0,
  "validation_loss": 0.5242262941842176,
  "best_epoch": 0,
  "best_validation_accuracy": 0.6987187239885319,
  "best_validation_accuracy3": 1.0,
  "best_validation_loss": 0.5180965093325596
}