{
  "peak_cpu_memory_MB": 4209.068,
  "peak_gpu_0_memory_MB": 1395,
  "training_duration": "00:43:58",
  "training_start_epoch": 0,
  "training_epochs": 2,
  "epoch": 2,
  "training_accuracy": 0.9674222540990535,
  "training_accuracy3": 1.0,
  "training_loss": 0.09329833782788413,
  "training_cpu_memory_MB": 4209.068,
  "training_gpu_0_memory_MB": 1178,
  "validation_accuracy": 0.9667557540286659,
  "validation_accuracy3": 1.0,
  "validation_loss": 0.09162949451378413,
  "best_epoch": 2,
  "best_validation_accuracy": 0.9667557540286659,
  "best_validation_accuracy3": 1.0,
  "best_validation_loss": 0.09162949451378413
}