{
  "peak_cpu_memory_MB": 3400.444,
  "peak_gpu_0_memory_MB": 1395,
  "training_duration": "00:15:51",
  "training_start_epoch": 0,
  "training_epochs": 0,
  "epoch": 0,
  "training_accuracy": 0.9565853151301907,
  "training_accuracy3": 1.0,
  "training_loss": 0.13758756632398064,
  "training_cpu_memory_MB": 3400.444,
  "training_gpu_0_memory_MB": 1395,
  "validation_accuracy": 0.9475399483518838,
  "validation_accuracy3": 1.0,
  "validation_loss": 0.14552144155058325,
  "best_epoch": 0,
  "best_validation_accuracy": 0.9475399483518838,
  "best_validation_accuracy3": 1.0,
  "best_validation_loss": 0.14552144155058325
}