{
  "peak_cpu_memory_MB": 4209.208,
  "peak_gpu_0_memory_MB": 1395,
  "training_duration": "00:58:09",
  "training_start_epoch": 0,
  "training_epochs": 3,
  "epoch": 3,
  "training_accuracy": 0.9729479489273876,
  "training_accuracy3": 1.0,
  "training_loss": 0.07587810489819874,
  "training_cpu_memory_MB": 4209.208,
  "training_gpu_0_memory_MB": 1178,
  "validation_accuracy": 0.9731046381812646,
  "validation_accuracy3": 1.0,
  "validation_loss": 0.07036622725807283,
  "best_epoch": 3,
  "best_validation_accuracy": 0.9731046381812646,
  "best_validation_accuracy3": 1.0,
  "best_validation_loss": 0.07036622725807283
}