{
  "peak_cpu_memory_MB": 2967.112,
  "peak_gpu_0_memory_MB": 435,
  "training_duration": "00:15:20",
  "training_start_epoch": 0,
  "training_epochs": 3,
  "epoch": 3,
  "training_accuracy": 0.9617942797643922,
  "training_accuracy3": 1.0,
  "training_loss": 0.11018578135371,
  "training_cpu_memory_MB": 2967.112,
  "training_gpu_0_memory_MB": 435,
  "validation_accuracy": 0.9375711853129899,
  "validation_accuracy3": 1.0,
  "validation_loss": 0.22768847762169886,
  "best_epoch": 0,
  "best_validation_accuracy": 0.9394882551281618,
  "best_validation_accuracy3": 1.0,
  "best_validation_loss": 0.1895875420649441
}