{
  "peak_cpu_memory_MB": 2967.12,
  "peak_gpu_0_memory_MB": 435,
  "training_duration": "00:22:58",
  "training_start_epoch": 0,
  "training_epochs": 5,
  "epoch": 5,
  "training_accuracy": 0.966496552185691,
  "training_accuracy3": 1.0,
  "training_loss": 0.0929881070276977,
  "training_cpu_memory_MB": 2967.12,
  "training_gpu_0_memory_MB": 435,
  "validation_accuracy": 0.9318312527487398,
  "validation_accuracy3": 1.0,
  "validation_loss": 0.23605617226994768,
  "best_epoch": 0,
  "best_validation_accuracy": 0.9394882551281618,
  "best_validation_accuracy3": 1.0,
  "best_validation_loss": 0.1895875420649441
}