{
  "peak_cpu_memory_MB": 2967.096,
  "peak_gpu_0_memory_MB": 435,
  "training_duration": "00:11:32",
  "training_start_epoch": 0,
  "training_epochs": 2,
  "epoch": 2,
  "training_accuracy": 0.959568239175046,
  "training_accuracy3": 1.0,
  "training_loss": 0.11908699678802415,
  "training_cpu_memory_MB": 2967.096,
  "training_gpu_0_memory_MB": 435,
  "validation_accuracy": 0.9380222605636185,
  "validation_accuracy3": 1.0,
  "validation_loss": 0.1970990672327426,
  "best_epoch": 0,
  "best_validation_accuracy": 0.9394882551281618,
  "best_validation_accuracy3": 1.0,
  "best_validation_loss": 0.1895875420649441
}