{
  "peak_cpu_memory_MB": 2967.152,
  "peak_gpu_0_memory_MB": 441,
  "training_duration": "00:30:31",
  "training_start_epoch": 0,
  "training_epochs": 7,
  "epoch": 7,
  "training_accuracy": 0.9712178905026159,
  "training_accuracy3": 1.0,
  "training_loss": 0.0777953480796751,
  "training_cpu_memory_MB": 2967.152,
  "training_gpu_0_memory_MB": 441,
  "validation_accuracy": 0.9262491965222098,
  "validation_accuracy3": 1.0,
  "validation_loss": 0.2831474034761896,
  "best_epoch": 0,
  "best_validation_accuracy": 0.9394882551281618,
  "best_validation_accuracy3": 1.0,
  "best_validation_loss": 0.1895875420649441
}