{
  "peak_cpu_memory_MB": 2967.16,
  "peak_gpu_0_memory_MB": 441,
  "training_duration": "00:38:06",
  "training_start_epoch": 0,
  "training_epochs": 9,
  "epoch": 9,
  "training_accuracy": 0.9754283406367387,
  "training_accuracy3": 1.0,
  "training_loss": 0.06512127623180902,
  "training_cpu_memory_MB": 2967.16,
  "training_gpu_0_memory_MB": 441,
  "validation_accuracy": 0.9275347609865016,
  "validation_accuracy3": 1.0,
  "validation_loss": 0.3260324202782037,
  "best_epoch": 0,
  "best_validation_accuracy": 0.9394882551281618,
  "best_validation_accuracy3": 1.0,
  "best_validation_loss": 0.1895875420649441
}