{
  "peak_cpu_memory_MB": 3038.26,
  "peak_gpu_0_memory_MB": 1178,
  "training_duration": "01:28:10",
  "training_start_epoch": 0,
  "training_epochs": 13,
  "epoch": 13,
  "training_accuracy": 0.9564943625666555,
  "training_accuracy3": 1.0,
  "training_loss": 0.12862618659723396,
  "training_cpu_memory_MB": 3038.26,
  "training_gpu_0_memory_MB": 1178,
  "validation_accuracy": 0.9420593840567453,
  "validation_accuracy3": 1.0,
  "validation_loss": 0.16187644540807422,
  "best_epoch": 12,
  "best_validation_accuracy": 0.9426232281200311,
  "best_validation_accuracy3": 1.0,
  "best_validation_loss": 0.15921226717835787
}