{
  "peak_cpu_memory_MB": 3869.368,
  "peak_gpu_0_memory_MB": 825,
  "training_duration": "00:55:39",
  "training_start_epoch": 0,
  "training_epochs": 3,
  "epoch": 3,
  "training_accuracy": 0.802170132624935,
  "training_accuracy3": 1.0,
  "training_loss": 0.37381439606312555,
  "training_cpu_memory_MB": 3869.368,
  "training_gpu_0_memory_MB": 825,
  "validation_accuracy": 0.7438325400947143,
  "validation_accuracy3": 1.0,
  "validation_loss": 0.46639844014936566,
  "best_epoch": 0,
  "best_validation_accuracy": 0.7411326830910931,
  "best_validation_accuracy3": 1.0,
  "best_validation_loss": 0.4646761149776225
}