{
  "peak_cpu_memory_MB": 2289.248,
  "peak_gpu_0_memory_MB": 365,
  "training_duration": "00:01:57",
  "training_start_epoch": 0,
  "training_epochs": 4,
  "epoch": 4,
  "training_accuracy": 0.8037548374102651,
  "training_accuracy3": 1.0,
  "training_loss": 0.38883239635682193,
  "training_cpu_memory_MB": 2289.248,
  "training_gpu_0_memory_MB": 365,
  "validation_accuracy": 0.6909736796549115,
  "validation_accuracy3": 1.0,
  "validation_loss": 0.5318839762892041,
  "best_epoch": 3,
  "best_validation_accuracy": 0.7022722907166181,
  "best_validation_accuracy3": 1.0,
  "best_validation_loss": 0.5121563752086795
}