{
  "peak_cpu_memory_MB": 3608.724,
  "peak_gpu_0_memory_MB": 751,
  "training_duration": "00:14:09",
  "training_start_epoch": 0,
  "training_epochs": 0,
  "epoch": 0,
  "training_accuracy": 0.7649046662339738,
  "training_accuracy3": 1.0,
  "training_loss": 0.4216214453517426,
  "training_cpu_memory_MB": 3608.724,
  "training_gpu_0_memory_MB": 751,
  "validation_accuracy": 0.7411326830910931,
  "validation_accuracy3": 1.0,
  "validation_loss": 0.4646761149776225,
  "best_epoch": 0,
  "best_validation_accuracy": 0.7411326830910931,
  "best_validation_accuracy3": 1.0,
  "best_validation_loss": 0.4646761149776225
}