{
  "peak_cpu_memory_MB": 2971.2,
  "peak_gpu_0_memory_MB": 908,
  "training_duration": "00:53:19",
  "training_start_epoch": 0,
  "training_epochs": 6,
  "epoch": 6,
  "training_accuracy": 0.8010144846278605,
  "training_accuracy3": 1.0,
  "training_loss": 0.37579817403838867,
  "training_cpu_memory_MB": 2971.2,
  "training_gpu_0_memory_MB": 908,
  "validation_accuracy": 0.7641152602984664,
  "validation_accuracy3": 1.0,
  "validation_loss": 0.45271678147267325,
  "best_epoch": 6,
  "best_validation_accuracy": 0.7641152602984664,
  "best_validation_accuracy3": 1.0,
  "best_validation_loss": 0.45271678147267325
}