{
  "peak_cpu_memory_MB": 3822.036,
  "peak_gpu_0_memory_MB": 844,
  "training_duration": "00:39:38",
  "training_start_epoch": 0,
  "training_epochs": 3,
  "epoch": 3,
  "training_accuracy": 0.9764378945271146,
  "training_accuracy3": 1.0,
  "training_loss": 0.06549511601459153,
  "training_cpu_memory_MB": 3822.036,
  "training_gpu_0_memory_MB": 844,
  "validation_accuracy": 0.9262040889971469,
  "validation_accuracy3": 1.0,
  "validation_loss": 0.3203163976419945,
  "best_epoch": 0,
  "best_validation_accuracy": 0.9379545992760242,
  "best_validation_accuracy3": 1.0,
  "best_validation_loss": 0.19960086245317848
}