{
  "peak_cpu_memory_MB": 3870.26,
  "peak_gpu_0_memory_MB": 825,
  "training_duration": "00:55:20",
  "training_start_epoch": 0,
  "training_epochs": 3,
  "epoch": 3,
  "training_accuracy": 0.9137453793678147,
  "training_accuracy3": 1.0,
  "training_loss": 0.1863070435360158,
  "training_cpu_memory_MB": 3870.26,
  "training_gpu_0_memory_MB": 825,
  "validation_accuracy": 0.6352940200005217,
  "validation_accuracy3": 1.0,
  "validation_loss": 1.1251246123289576,
  "best_epoch": 0,
  "best_validation_accuracy": 0.7013972382490413,
  "best_validation_accuracy3": 1.0,
  "best_validation_loss": 0.5080081002444637
}