{
  "peak_cpu_memory_MB": 2289.3,
  "peak_gpu_0_memory_MB": 365,
  "training_duration": "00:02:19",
  "training_start_epoch": 0,
  "training_epochs": 5,
  "epoch": 5,
  "training_accuracy": 0.8086562669339331,
  "training_accuracy3": 1.0,
  "training_loss": 0.3792639648562428,
  "training_cpu_memory_MB": 2289.3,
  "training_gpu_0_memory_MB": 365,
  "validation_accuracy": 0.7034971270296356,
  "validation_accuracy3": 1.0,
  "validation_loss": 0.5107209208060284,
  "best_epoch": 5,
  "best_validation_accuracy": 0.7034971270296356,
  "best_validation_accuracy3": 1.0,
  "best_validation_loss": 0.5107209208060284
}