{
  "peak_cpu_memory_MB": 1020.376,
  "training_duration": "00:06:10",
  "training_start_epoch": 0,
  "training_epochs": 6,
  "epoch": 6,
  "training_accuracy": 0.9497913995195868,
  "training_accuracy3": 1.0,
  "training_loss": 0.13555389812783056,
  "training_cpu_memory_MB": 1020.376,
  "validation_accuracy": 0.9369171261995782,
  "validation_accuracy3": 1.0,
  "validation_loss": 0.1913331912792459,
  "best_epoch": 5,
  "best_validation_accuracy": 0.9377065078881784,
  "best_validation_accuracy3": 1.0,
  "best_validation_loss": 0.1900629953158145
}