{
  "peak_cpu_memory_MB": 1020.376,
  "training_duration": "00:05:18",
  "training_start_epoch": 0,
  "training_epochs": 5,
  "epoch": 5,
  "training_accuracy": 0.9494723280776849,
  "training_accuracy3": 1.0,
  "training_loss": 0.13824314522840406,
  "training_cpu_memory_MB": 1020.376,
  "validation_accuracy": 0.9377065078881784,
  "validation_accuracy3": 1.0,
  "validation_loss": 0.1900629953158145,
  "best_epoch": 5,
  "best_validation_accuracy": 0.9377065078881784,
  "best_validation_accuracy3": 1.0,
  "best_validation_loss": 0.1900629953158145
}