{
  "peak_cpu_memory_MB": 1020.376,
  "training_duration": "00:04:27",
  "training_start_epoch": 0,
  "training_epochs": 4,
  "epoch": 4,
  "training_accuracy": 0.9488341851938811,
  "training_accuracy3": 1.0,
  "training_loss": 0.14062443521359694,
  "training_cpu_memory_MB": 1020.376,
  "validation_accuracy": 0.9383380132390586,
  "validation_accuracy3": 1.0,
  "validation_loss": 0.1909305993847701,
  "best_epoch": 2,
  "best_validation_accuracy": 0.9395333626532246,
  "best_validation_accuracy3": 1.0,
  "best_validation_loss": 0.19007734384159652
}