{
  "peak_cpu_memory_MB": 1020.376,
  "training_duration": "00:01:46",
  "training_start_epoch": 0,
  "training_epochs": 1,
  "epoch": 1,
  "training_accuracy": 0.9464381392716743,
  "training_accuracy3": 1.0,
  "training_loss": 0.15288026153069476,
  "training_cpu_memory_MB": 1020.376,
  "validation_accuracy": 0.939634854584616,
  "validation_accuracy3": 1.0,
  "validation_loss": 0.19359063763855672,
  "best_epoch": 1,
  "best_validation_accuracy": 0.939634854584616,
  "best_validation_accuracy3": 1.0,
  "best_validation_loss": 0.19359063763855672
}