{
  "peak_cpu_memory_MB": 1020.376,
  "training_duration": "00:07:03",
  "training_start_epoch": 0,
  "training_epochs": 7,
  "epoch": 7,
  "training_accuracy": 0.9507185127658678,
  "training_accuracy3": 1.0,
  "training_loss": 0.1326059777613567,
  "training_cpu_memory_MB": 1020.376,
  "validation_accuracy": 0.9380222605636185,
  "validation_accuracy3": 1.0,
  "validation_loss": 0.19675198885403117,
  "best_epoch": 5,
  "best_validation_accuracy": 0.9377065078881784,
  "best_validation_accuracy3": 1.0,
  "best_validation_loss": 0.1900629953158145
}