{
  "peak_cpu_memory_MB": 1020.376,
  "training_duration": "00:03:33",
  "training_start_epoch": 0,
  "training_epochs": 3,
  "epoch": 3,
  "training_accuracy": 0.947804728277556,
  "training_accuracy3": 1.0,
  "training_loss": 0.14388279556094305,
  "training_cpu_memory_MB": 1020.376,
  "validation_accuracy": 0.9394544244843646,
  "validation_accuracy3": 1.0,
  "validation_loss": 0.19053739765468908,
  "best_epoch": 2,
  "best_validation_accuracy": 0.9395333626532246,
  "best_validation_accuracy3": 1.0,
  "best_validation_loss": 0.19007734384159652
}