{
  "peak_cpu_memory_MB": 1020.376,
  "training_duration": "00:00:52",
  "training_start_epoch": 0,
  "training_epochs": 0,
  "epoch": 0,
  "training_accuracy": 0.9461431486933122,
  "training_accuracy3": 1.0,
  "training_loss": 0.1977173766202253,
  "training_cpu_memory_MB": 1020.376,
  "validation_accuracy": 0.9394431476030989,
  "validation_accuracy3": 1.0,
  "validation_loss": 0.19813020341098309,
  "best_epoch": 0,
  "best_validation_accuracy": 0.9394431476030989,
  "best_validation_accuracy3": 1.0,
  "best_validation_loss": 0.19813020341098309
}