{
  "peak_cpu_memory_MB": 1020.376,
  "training_duration": "00:02:38",
  "training_start_epoch": 0,
  "training_epochs": 2,
  "epoch": 2,
  "training_accuracy": 0.9472147471208318,
  "training_accuracy3": 1.0,
  "training_loss": 0.14815026444747395,
  "training_cpu_memory_MB": 1020.376,
  "validation_accuracy": 0.9395333626532246,
  "validation_accuracy3": 1.0,
  "validation_loss": 0.19007734384159652,
  "best_epoch": 2,
  "best_validation_accuracy": 0.9395333626532246,
  "best_validation_accuracy3": 1.0,
  "best_validation_loss": 0.19007734384159652
}