{
  "peak_cpu_memory_MB": 1020.376,
  "training_duration": "00:07:55",
  "training_start_epoch": 0,
  "training_epochs": 8,
  "epoch": 8,
  "training_accuracy": 0.9516636866598036,
  "training_accuracy3": 1.0,
  "training_loss": 0.1296950536577598,
  "training_cpu_memory_MB": 1020.376,
  "validation_accuracy": 0.9367930805056554,
  "validation_accuracy3": 1.0,
  "validation_loss": 0.19889740109899823,
  "best_epoch": 5,
  "best_validation_accuracy": 0.9377065078881784,
  "best_validation_accuracy3": 1.0,
  "best_validation_loss": 0.1900629953158145
}