{
  "peak_cpu_memory_MB": 4210.748,
  "peak_gpu_0_memory_MB": 1395,
  "training_duration": "01:12:08",
  "training_start_epoch": 0,
  "training_epochs": 4,
  "epoch": 4,
  "training_accuracy": 0.9775836502425076,
  "training_accuracy3": 1.0,
  "training_loss": 0.06172819123330627,
  "training_cpu_memory_MB": 4210.748,
  "training_gpu_0_memory_MB": 1178,
  "validation_accuracy": 0.979025000845766,
  "validation_accuracy3": 1.0,
  "validation_loss": 0.0535351102221377,
  "best_epoch": 4,
  "best_validation_accuracy": 0.979025000845766,
  "best_validation_accuracy3": 1.0,
  "best_validation_loss": 0.0535351102221377
}