{
  "peak_cpu_memory_MB": 2794.16,
  "peak_gpu_0_memory_MB": 328,
  "training_duration": "00:04:37",
  "training_start_epoch": 0,
  "training_epochs": 0,
  "epoch": 0,
  "training_accuracy": 0.7598782724891137,
  "training_accuracy3": 1.0,
  "training_loss": 0.4273203767525979,
  "training_cpu_memory_MB": 2794.16,
  "training_gpu_0_memory_MB": 328,
  "validation_accuracy": 0.6796359402308336,
  "validation_accuracy3": 1.0,
  "validation_loss": 0.5006595193123331,
  "best_epoch": 0,
  "best_validation_accuracy": 0.6796359402308336,
  "best_validation_accuracy3": 1.0,
  "best_validation_loss": 0.5006595193123331
}