{
  "peak_cpu_memory_MB": 2952.004,
  "peak_gpu_0_memory_MB": 784,
  "training_duration": "00:11:54",
  "training_start_epoch": 0,
  "training_epochs": 1,
  "epoch": 1,
  "training_accuracy": 0.8101934860743242,
  "training_accuracy3": 1.0,
  "training_loss": 0.35112894428864605,
  "training_cpu_memory_MB": 2952.004,
  "training_gpu_0_memory_MB": 784,
  "validation_accuracy": 0.6891808892335347,
  "validation_accuracy3": 1.0,
  "validation_loss": 0.5414099717626766,
  "best_epoch": 0,
  "best_validation_accuracy": 0.6796359402308336,
  "best_validation_accuracy3": 1.0,
  "best_validation_loss": 0.5006595193123331
}