{
  "peak_cpu_memory_MB": 1001.352,
  "training_duration": "00:02:39",
  "training_start_epoch": 0,
  "training_epochs": 2,
  "epoch": 2,
  "training_accuracy": 0.8210918573715176,
  "training_accuracy3": 1.0,
  "training_loss": 0.37801373911940533,
  "training_cpu_memory_MB": 1001.352,
  "validation_accuracy": 0.7290277906229472,
  "validation_accuracy3": 1.0,
  "validation_loss": 0.48764447046785936,
  "best_epoch": 2,
  "best_validation_accuracy": 0.7290277906229472,
  "best_validation_accuracy3": 1.0,
  "best_validation_loss": 0.48764447046785936
}