{
  "peak_cpu_memory_MB": 1001.352,
  "training_duration": "00:01:45",
  "training_start_epoch": 0,
  "training_epochs": 1,
  "epoch": 1,
  "training_accuracy": 0.8120552323066275,
  "training_accuracy3": 1.0,
  "training_loss": 0.39227370496677316,
  "training_cpu_memory_MB": 1001.352,
  "validation_accuracy": 0.7264678471575023,
  "validation_accuracy3": 1.0,
  "validation_loss": 0.4955182492124791,
  "best_epoch": 1,
  "best_validation_accuracy": 0.7264678471575023,
  "best_validation_accuracy3": 1.0,
  "best_validation_loss": 0.4955182492124791
}