{
  "peak_cpu_memory_MB": 1001.352,
  "training_duration": "00:00:52",
  "training_start_epoch": 0,
  "training_epochs": 0,
  "epoch": 0,
  "training_accuracy": 0.7234207367191555,
  "training_accuracy3": 1.0,
  "training_loss": 0.4791317329458568,
  "training_cpu_memory_MB": 1001.352,
  "validation_accuracy": 0.7300059996822302,
  "validation_accuracy3": 1.0,
  "validation_loss": 0.4989237770134089,
  "best_epoch": 0,
  "best_validation_accuracy": 0.7300059996822302,
  "best_validation_accuracy3": 1.0,
  "best_validation_loss": 0.4989237770134089
}