{
  "peak_cpu_memory_MB": 1001.352,
  "training_duration": "00:05:34",
  "training_start_epoch": 0,
  "training_epochs": 5,
  "epoch": 5,
  "training_accuracy": 0.8366445319259388,
  "training_accuracy3": 1.0,
  "training_loss": 0.3475039180206216,
  "training_cpu_memory_MB": 1001.352,
  "validation_accuracy": 0.7417409512697747,
  "validation_accuracy3": 1.0,
  "validation_loss": 0.5011048593691417,
  "best_epoch": 3,
  "best_validation_accuracy": 0.7409678696859534,
  "best_validation_accuracy3": 1.0,
  "best_validation_loss": 0.4761367352033148
}