{
  "peak_cpu_memory_MB": 1001.352,
  "training_duration": "00:09:46",
  "training_start_epoch": 0,
  "training_epochs": 7,
  "epoch": 7,
  "training_accuracy": 0.8472189176328084,
  "training_accuracy3": 1.0,
  "training_loss": 0.3302977681159973,
  "training_cpu_memory_MB": 1001.352,
  "validation_accuracy": 0.7318355470500771,
  "validation_accuracy3": 1.0,
  "validation_loss": 0.5297166191193522,
  "best_epoch": 3,
  "best_validation_accuracy": 0.7409678696859534,
  "best_validation_accuracy3": 1.0,
  "best_validation_loss": 0.4761367352033148
}