{
  "peak_cpu_memory_MB": 2995.796,
  "peak_gpu_0_memory_MB": 870,
  "training_duration": "00:24:21",
  "training_start_epoch": 0,
  "training_epochs": 2,
  "epoch": 2,
  "training_accuracy": 0.8013212744060727,
  "training_accuracy3": 1.0,
  "training_loss": 0.37494151398992986,
  "training_cpu_memory_MB": 2995.796,
  "training_gpu_0_memory_MB": 870,
  "validation_accuracy": 0.7272622714844352,
  "validation_accuracy3": 1.0,
  "validation_loss": 0.46333449166648244,
  "best_epoch": 2,
  "best_validation_accuracy": 0.7272622714844352,
  "best_validation_accuracy3": 1.0,
  "best_validation_loss": 0.46333449166648244
}