{
  "peak_cpu_memory_MB": 1032.468,
  "training_duration": "00:04:29",
  "training_start_epoch": 0,
  "training_epochs": 2,
  "epoch": 2,
  "training_accuracy": 0.7960800960373767,
  "training_accuracy3": 1.0,
  "training_loss": 0.4185481291750203,
  "training_cpu_memory_MB": 1032.468,
  "validation_accuracy": 0.7010308544922917,
  "validation_accuracy3": 1.0,
  "validation_loss": 0.5000822246074677,
  "best_epoch": 2,
  "best_validation_accuracy": 0.7010308544922917,
  "best_validation_accuracy3": 1.0,
  "best_validation_loss": 0.5000822246074677
}