{
  "peak_cpu_memory_MB": 1032.468,
  "training_duration": "00:07:27",
  "training_start_epoch": 0,
  "training_epochs": 7,
  "epoch": 7,
  "training_accuracy": 0.8031801566014881,
  "training_accuracy3": 1.0,
  "training_loss": 0.40080171208018844,
  "training_cpu_memory_MB": 1032.468,
  "validation_accuracy": 0.6929549976404412,
  "validation_accuracy3": 1.0,
  "validation_loss": 0.5015193734850202,
  "best_epoch": 5,
  "best_validation_accuracy": 0.7403773871265317,
  "best_validation_accuracy3": 1.0,
  "best_validation_loss": 0.4885061298097883
}