{
  "peak_cpu_memory_MB": 1032.468,
  "training_duration": "00:15:08",
  "training_start_epoch": 0,
  "training_epochs": 13,
  "epoch": 13,
  "training_accuracy": 0.8084734329036165,
  "training_accuracy3": 1.0,
  "training_loss": 0.3938569016754627,
  "training_cpu_memory_MB": 1032.468,
  "validation_accuracy": 0.7151692360957957,
  "validation_accuracy3": 1.0,
  "validation_loss": 0.4894526257198684,
  "best_epoch": 9,
  "best_validation_accuracy": 0.7600743676026646,
  "best_validation_accuracy3": 1.0,
  "best_validation_loss": 0.48104180456424245
}