{
  "peak_cpu_memory_MB": 1032.468,
  "training_duration": "00:05:51",
  "training_start_epoch": 0,
  "training_epochs": 4,
  "epoch": 4,
  "training_accuracy": 0.7990907272019381,
  "training_accuracy3": 1.0,
  "training_loss": 0.409439931097238,
  "training_cpu_memory_MB": 1032.468,
  "validation_accuracy": 0.6657299573856562,
  "validation_accuracy3": 1.0,
  "validation_loss": 0.512892914365749,
  "best_epoch": 2,
  "best_validation_accuracy": 0.7010308544922917,
  "best_validation_accuracy3": 1.0,
  "best_validation_loss": 0.5000822246074677
}