{
  "peak_cpu_memory_MB": 1032.468,
  "training_duration": "00:06:54",
  "training_start_epoch": 0,
  "training_epochs": 6,
  "epoch": 6,
  "training_accuracy": 0.8022696671136875,
  "training_accuracy3": 1.0,
  "training_loss": 0.40273088848461275,
  "training_cpu_memory_MB": 1032.468,
  "validation_accuracy": 0.7209282196120838,
  "validation_accuracy3": 1.0,
  "validation_loss": 0.4947873323547597,
  "best_epoch": 5,
  "best_validation_accuracy": 0.7403773871265317,
  "best_validation_accuracy3": 1.0,
  "best_validation_loss": 0.4885061298097883
}