{
  "peak_cpu_memory_MB": 1032.468,
  "training_duration": "00:07:58",
  "training_start_epoch": 0,
  "training_epochs": 8,
  "epoch": 8,
  "training_accuracy": 0.8047733442204533,
  "training_accuracy3": 1.0,
  "training_loss": 0.3998535669044308,
  "training_cpu_memory_MB": 1032.468,
  "validation_accuracy": 0.7238533611263277,
  "validation_accuracy3": 1.0,
  "validation_loss": 0.49480810031598926,
  "best_epoch": 5,
  "best_validation_accuracy": 0.7403773871265317,
  "best_validation_accuracy3": 1.0,
  "best_validation_loss": 0.4885061298097883
}