{
  "peak_cpu_memory_MB": 1032.468,
  "training_duration": "00:01:31",
  "training_start_epoch": 0,
  "training_epochs": 0,
  "epoch": 0,
  "training_accuracy": 0.6206875108150199,
  "training_accuracy3": 1.0,
  "training_loss": 0.5624207727935003,
  "training_cpu_memory_MB": 1032.468,
  "validation_accuracy": 0.7341524203856397,
  "validation_accuracy3": 1.0,
  "validation_loss": 0.512557007524432,
  "best_epoch": 0,
  "best_validation_accuracy": 0.7341524203856397,
  "best_validation_accuracy3": 1.0,
  "best_validation_loss": 0.512557007524432
}