{
  "peak_cpu_memory_MB": 1032.468,
  "training_duration": "00:13:37",
  "training_start_epoch": 0,
  "training_epochs": 12,
  "epoch": 12,
  "training_accuracy": 0.8060792578733345,
  "training_accuracy3": 1.0,
  "training_loss": 0.39489723337085353,
  "training_cpu_memory_MB": 1032.468,
  "validation_accuracy": 0.7383616836104333,
  "validation_accuracy3": 1.0,
  "validation_loss": 0.485374390166633,
  "best_epoch": 9,
  "best_validation_accuracy": 0.7600743676026646,
  "best_validation_accuracy3": 1.0,
  "best_validation_loss": 0.48104180456424245
}