{
  "peak_cpu_memory_MB": 1032.468,
  "training_duration": "00:09:08",
  "training_start_epoch": 0,
  "training_epochs": 9,
  "epoch": 9,
  "training_accuracy": 0.8043779200553729,
  "training_accuracy3": 1.0,
  "training_loss": 0.3986184255260488,
  "training_cpu_memory_MB": 1032.468,
  "validation_accuracy": 0.7600743676026646,
  "validation_accuracy3": 1.0,
  "validation_loss": 0.48104180456424245,
  "best_epoch": 9,
  "best_validation_accuracy": 0.7600743676026646,
  "best_validation_accuracy3": 1.0,
  "best_validation_loss": 0.48104180456424245
}