{
  "peak_cpu_memory_MB": 2971.216,
  "peak_gpu_0_memory_MB": 938,
  "training_duration": "01:14:03",
  "training_start_epoch": 0,
  "training_epochs": 10,
  "epoch": 10,
  "training_accuracy": 0.8107300315737693,
  "training_accuracy3": 1.0,
  "training_loss": 0.36161099972634014,
  "training_cpu_memory_MB": 2971.216,
  "training_gpu_0_memory_MB": 413,
  "validation_accuracy": 0.7387802385170114,
  "validation_accuracy3": 1.0,
  "validation_loss": 0.46994076486752956,
  "best_epoch": 7,
  "best_validation_accuracy": 0.7654539245747458,
  "best_validation_accuracy3": 1.0,
  "best_validation_loss": 0.45150602076734814
}