{
  "peak_cpu_memory_MB": 2819.544,
  "peak_gpu_0_memory_MB": 685,
  "training_duration": "00:07:32",
  "training_start_epoch": 0,
  "training_epochs": 0,
  "epoch": 0,
  "training_accuracy": 0.753102039341175,
  "training_accuracy3": 1.0,
  "training_loss": 0.4363623744188884,
  "training_cpu_memory_MB": 2819.544,
  "training_gpu_0_memory_MB": 685,
  "validation_accuracy": 0.718649288930942,
  "validation_accuracy3": 1.0,
  "validation_loss": 0.4802078124211759,
  "best_epoch": 0,
  "best_validation_accuracy": 0.718649288930942,
  "best_validation_accuracy3": 1.0,
  "best_validation_loss": 0.4802078124211759
}