{
  "peak_cpu_memory_MB": 2971.092,
  "peak_gpu_0_memory_MB": 875,
  "training_duration": "00:30:19",
  "training_start_epoch": 0,
  "training_epochs": 3,
  "epoch": 3,
  "training_accuracy": 0.7902785084716095,
  "training_accuracy3": 1.0,
  "training_loss": 0.3901947873920442,
  "training_cpu_memory_MB": 2971.092,
  "training_gpu_0_memory_MB": 875,
  "validation_accuracy": 0.7204302222728124,
  "validation_accuracy3": 1.0,
  "validation_loss": 0.47816389859939107,
  "best_epoch": 2,
  "best_validation_accuracy": 0.7227719954753384,
  "best_validation_accuracy3": 1.0,
  "best_validation_loss": 0.46906489802866563
}