{
  "peak_cpu_memory_MB": 2971.216,
  "peak_gpu_0_memory_MB": 938,
  "training_duration": "01:10:30",
  "training_start_epoch": 0,
  "training_epochs": 9,
  "epoch": 9,
  "training_accuracy": 0.8081613513940662,
  "training_accuracy3": 1.0,
  "training_loss": 0.3654803267076492,
  "training_cpu_memory_MB": 2971.216,
  "training_gpu_0_memory_MB": 413,
  "validation_accuracy": 0.7250770117313945,
  "validation_accuracy3": 1.0,
  "validation_loss": 0.4783537694994284,
  "best_epoch": 7,
  "best_validation_accuracy": 0.7654539245747458,
  "best_validation_accuracy3": 1.0,
  "best_validation_loss": 0.45150602076734814
}