{
  "peak_cpu_memory_MB": 2971.004,
  "peak_gpu_0_memory_MB": 857,
  "training_duration": "00:15:04",
  "training_start_epoch": 0,
  "training_epochs": 1,
  "epoch": 1,
  "training_accuracy": 0.7781121051774061,
  "training_accuracy3": 1.0,
  "training_loss": 0.4071907205634202,
  "training_cpu_memory_MB": 2971.004,
  "training_gpu_0_memory_MB": 857,
  "validation_accuracy": 0.7322019308068268,
  "validation_accuracy3": 1.0,
  "validation_loss": 0.475599544084802,
  "best_epoch": 1,
  "best_validation_accuracy": 0.7322019308068268,
  "best_validation_accuracy3": 1.0,
  "best_validation_loss": 0.475599544084802
}