{
  "peak_cpu_memory_MB": 2971.216,
  "peak_gpu_0_memory_MB": 938,
  "training_duration": "01:17:37",
  "training_start_epoch": 0,
  "training_epochs": 11,
  "epoch": 11,
  "training_accuracy": 0.8123342752849542,
  "training_accuracy3": 1.0,
  "training_loss": 0.3590438260236542,
  "training_cpu_memory_MB": 2971.216,
  "training_gpu_0_memory_MB": 413,
  "validation_accuracy": 0.7374273457453242,
  "validation_accuracy3": 1.0,
  "validation_loss": 0.47141003213366683,
  "best_epoch": 7,
  "best_validation_accuracy": 0.7654539245747458,
  "best_validation_accuracy3": 1.0,
  "best_validation_loss": 0.45150602076734814
}