{
  "peak_cpu_memory_MB": 2971.2,
  "peak_gpu_0_memory_MB": 919,
  "training_duration": "01:00:52",
  "training_start_epoch": 0,
  "training_epochs": 7,
  "epoch": 7,
  "training_accuracy": 0.8040432499551164,
  "training_accuracy3": 1.0,
  "training_loss": 0.37192239612080324,
  "training_cpu_memory_MB": 2971.2,
  "training_gpu_0_memory_MB": 919,
  "validation_accuracy": 0.7654539245747458,
  "validation_accuracy3": 1.0,
  "validation_loss": 0.45150602076734814,
  "best_epoch": 7,
  "best_validation_accuracy": 0.7654539245747458,
  "best_validation_accuracy3": 1.0,
  "best_validation_loss": 0.45150602076734814
}