{
  "peak_cpu_memory_MB": 2971.168,
  "peak_gpu_0_memory_MB": 880,
  "training_duration": "00:45:44",
  "training_start_epoch": 0,
  "training_epochs": 5,
  "epoch": 5,
  "training_accuracy": 0.7977742083703863,
  "training_accuracy3": 1.0,
  "training_loss": 0.380412636936524,
  "training_cpu_memory_MB": 2971.168,
  "training_gpu_0_memory_MB": 880,
  "validation_accuracy": 0.7241770593968541,
  "validation_accuracy3": 1.0,
  "validation_loss": 0.4655954886455925,
  "best_epoch": 4,
  "best_validation_accuracy": 0.7351045438700085,
  "best_validation_accuracy3": 1.0,
  "best_validation_loss": 0.4654541794134646
}