{
  "peak_cpu_memory_MB": 567.248,
  "training_duration": "00:00:01",
  "training_start_epoch": 0,
  "training_epochs": 3,
  "epoch": 3,
  "training_accuracy": 0.5477454909819639,
  "training_accuracy3": 1.0,
  "training_loss": 0.6506799856821696,
  "training_cpu_memory_MB": 567.248,
  "validation_accuracy": 0.5302247567930225,
  "validation_accuracy3": 1.0,
  "validation_loss": 0.6254539887110392,
  "best_epoch": 3,
  "best_validation_accuracy": 0.5302247567930225,
  "best_validation_accuracy3": 1.0,
  "best_validation_loss": 0.6254539887110392
}