{
  "peak_cpu_memory_MB": 567.26,
  "training_duration": "00:00:02",
  "training_start_epoch": 0,
  "training_epochs": 7,
  "epoch": 7,
  "training_accuracy": 0.6586673346693387,
  "training_accuracy3": 1.0,
  "training_loss": 0.6098180611928304,
  "training_cpu_memory_MB": 567.26,
  "validation_accuracy": 0.6614558872861456,
  "validation_accuracy3": 1.0,
  "validation_loss": 0.5911530256271362,
  "best_epoch": 7,
  "best_validation_accuracy": 0.6614558872861456,
  "best_validation_accuracy3": 1.0,
  "best_validation_loss": 0.5911530256271362
}