{
  "peak_cpu_memory_MB": 567.5,
  "training_duration": "00:00:07",
  "training_start_epoch": 0,
  "training_epochs": 23,
  "epoch": 23,
  "training_accuracy": 0.7988977955911823,
  "training_accuracy3": 1.0,
  "training_loss": 0.43481309215227765,
  "training_cpu_memory_MB": 567.5,
  "validation_accuracy": 0.7208319355920831,
  "validation_accuracy3": 1.0,
  "validation_loss": 0.5246981779734293,
  "best_epoch": 21,
  "best_validation_accuracy": 0.7089567259308956,
  "best_validation_accuracy3": 1.0,
  "best_validation_loss": 0.517715056737264
}