{
  "peak_cpu_memory_MB": 567.488,
  "training_duration": "00:00:06",
  "training_start_epoch": 0,
  "training_epochs": 20,
  "epoch": 20,
  "training_accuracy": 0.7943386773547094,
  "training_accuracy3": 1.0,
  "training_loss": 0.43911413351694745,
  "training_cpu_memory_MB": 567.488,
  "validation_accuracy": 0.7062730627306273,
  "validation_accuracy3": 1.0,
  "validation_loss": 0.5202603042125702,
  "best_epoch": 20,
  "best_validation_accuracy": 0.7062730627306273,
  "best_validation_accuracy3": 1.0,
  "best_validation_loss": 0.5202603042125702
}