{
  "peak_cpu_memory_MB": 567.464,
  "training_duration": "00:00:06",
  "training_start_epoch": 0,
  "training_epochs": 18,
  "epoch": 18,
  "training_accuracy": 0.7867234468937876,
  "training_accuracy3": 1.0,
  "training_loss": 0.4677946964899699,
  "training_cpu_memory_MB": 567.464,
  "validation_accuracy": 0.7048641395504864,
  "validation_accuracy3": 1.0,
  "validation_loss": 0.5266818205515543,
  "best_epoch": 18,
  "best_validation_accuracy": 0.7048641395504864,
  "best_validation_accuracy3": 1.0,
  "best_validation_loss": 0.5266818205515543
}