{
  "peak_cpu_memory_MB": 567.488,
  "training_duration": "00:00:06",
  "training_start_epoch": 0,
  "training_epochs": 19,
  "epoch": 19,
  "training_accuracy": 0.8060120240480962,
  "training_accuracy3": 1.0,
  "training_loss": 0.4406687915325165,
  "training_cpu_memory_MB": 567.488,
  "validation_accuracy": 0.7043944984904394,
  "validation_accuracy3": 1.0,
  "validation_loss": 0.5212806860605875,
  "best_epoch": 19,
  "best_validation_accuracy": 0.7043944984904394,
  "best_validation_accuracy3": 1.0,
  "best_validation_loss": 0.5212806860605875
}