{
  "peak_cpu_memory_MB": 567.272,
  "training_duration": "00:00:03",
  "training_start_epoch": 0,
  "training_epochs": 9,
  "epoch": 9,
  "training_accuracy": 0.6884268537074149,
  "training_accuracy3": 1.0,
  "training_loss": 0.5855904221534729,
  "training_cpu_memory_MB": 567.272,
  "validation_accuracy": 0.695270043609527,
  "validation_accuracy3": 1.0,
  "validation_loss": 0.5872888962427775,
  "best_epoch": 9,
  "best_validation_accuracy": 0.695270043609527,
  "best_validation_accuracy3": 1.0,
  "best_validation_loss": 0.5872888962427775
}