{
  "peak_cpu_memory_MB": 567.408,
  "training_duration": "00:00:03",
  "training_start_epoch": 0,
  "training_epochs": 11,
  "epoch": 11,
  "training_accuracy": 0.7842685370741483,
  "training_accuracy3": 1.0,
  "training_loss": 0.5463064908981323,
  "training_cpu_memory_MB": 567.408,
  "validation_accuracy": 0.7053337806105334,
  "validation_accuracy3": 1.0,
  "validation_loss": 0.5684981743494669,
  "best_epoch": 11,
  "best_validation_accuracy": 0.7053337806105334,
  "best_validation_accuracy3": 1.0,
  "best_validation_loss": 0.5684981743494669
}