{
  "peak_cpu_memory_MB": 567.432,
  "training_duration": "00:00:05",
  "training_start_epoch": 0,
  "training_epochs": 16,
  "epoch": 16,
  "training_accuracy": 0.7654809619238477,
  "training_accuracy3": 1.0,
  "training_loss": 0.4897700349489848,
  "training_cpu_memory_MB": 567.432,
  "validation_accuracy": 0.7060717879906072,
  "validation_accuracy3": 1.0,
  "validation_loss": 0.5391657551129659,
  "best_epoch": 15,
  "best_validation_accuracy": 0.6925863804092587,
  "best_validation_accuracy3": 1.0,
  "best_validation_loss": 0.5376083453496298
}