{
  "peak_cpu_memory_MB": 567.408,
  "training_duration": "00:00:05",
  "training_start_epoch": 0,
  "training_epochs": 15,
  "epoch": 15,
  "training_accuracy": 0.7601703406813627,
  "training_accuracy3": 1.0,
  "training_loss": 0.48512473702430725,
  "training_cpu_memory_MB": 567.408,
  "validation_accuracy": 0.6925863804092587,
  "validation_accuracy3": 1.0,
  "validation_loss": 0.5376083453496298,
  "best_epoch": 15,
  "best_validation_accuracy": 0.6925863804092587,
  "best_validation_accuracy3": 1.0,
  "best_validation_loss": 0.5376083453496298
}