{
  "peak_cpu_memory_MB": 567.7,
  "training_duration": "00:00:08",
  "training_start_epoch": 0,
  "training_epochs": 24,
  "epoch": 24,
  "training_accuracy": 0.8155310621242485,
  "training_accuracy3": 1.0,
  "training_loss": 0.42619038621584576,
  "training_cpu_memory_MB": 567.7,
  "validation_accuracy": 0.7205635692720563,
  "validation_accuracy3": 1.0,
  "validation_loss": 0.5245232184727987,
  "best_epoch": 21,
  "best_validation_accuracy": 0.7089567259308956,
  "best_validation_accuracy3": 1.0,
  "best_validation_loss": 0.517715056737264
}