{
  "peak_cpu_memory_MB": 567.408,
  "training_duration": "00:00:04",
  "training_start_epoch": 0,
  "training_epochs": 13,
  "epoch": 13,
  "training_accuracy": 0.7645290581162325,
  "training_accuracy3": 1.0,
  "training_loss": 0.5198841691017151,
  "training_cpu_memory_MB": 567.408,
  "validation_accuracy": 0.6963435088896344,
  "validation_accuracy3": 1.0,
  "validation_loss": 0.5485849579175314,
  "best_epoch": 13,
  "best_validation_accuracy": 0.6963435088896344,
  "best_validation_accuracy3": 1.0,
  "best_validation_loss": 0.5485849579175314
}