{
  "peak_cpu_memory_MB": 567.408,
  "training_duration": "00:00:04",
  "training_start_epoch": 0,
  "training_epochs": 14,
  "epoch": 14,
  "training_accuracy": 0.7899298597194389,
  "training_accuracy3": 1.0,
  "training_loss": 0.507002611955007,
  "training_cpu_memory_MB": 567.408,
  "validation_accuracy": 0.7008386447500838,
  "validation_accuracy3": 1.0,
  "validation_loss": 0.5421882271766663,
  "best_epoch": 14,
  "best_validation_accuracy": 0.7008386447500838,
  "best_validation_accuracy3": 1.0,
  "best_validation_loss": 0.5421882271766663
}