{
  "peak_cpu_memory_MB": 567.408,
  "training_duration": "00:00:04",
  "training_start_epoch": 0,
  "training_epochs": 12,
  "epoch": 12,
  "training_accuracy": 0.7381262525050101,
  "training_accuracy3": 1.0,
  "training_loss": 0.5436168710390726,
  "training_cpu_memory_MB": 567.408,
  "validation_accuracy": 0.6960751425696076,
  "validation_accuracy3": 1.0,
  "validation_loss": 0.5571521719296774,
  "best_epoch": 12,
  "best_validation_accuracy": 0.6960751425696076,
  "best_validation_accuracy3": 1.0,
  "best_validation_loss": 0.5571521719296774
}