{
  "peak_cpu_memory_MB": 567.252,
  "training_duration": "00:00:01",
  "training_start_epoch": 0,
  "training_epochs": 4,
  "epoch": 4,
  "training_accuracy": 0.549749498997996,
  "training_accuracy3": 1.0,
  "training_loss": 0.6413005391756693,
  "training_cpu_memory_MB": 567.252,
  "validation_accuracy": 0.529419657832942,
  "validation_accuracy3": 1.0,
  "validation_loss": 0.6104384462038676,
  "best_epoch": 4,
  "best_validation_accuracy": 0.529419657832942,
  "best_validation_accuracy3": 1.0,
  "best_validation_loss": 0.6104384462038676
}