{
  "peak_cpu_memory_MB": 567.268,
  "training_duration": "00:00:02",
  "training_start_epoch": 0,
  "training_epochs": 8,
  "epoch": 8,
  "training_accuracy": 0.681312625250501,
  "training_accuracy3": 1.0,
  "training_loss": 0.5954665144284567,
  "training_cpu_memory_MB": 567.268,
  "validation_accuracy": 0.6843341160684334,
  "validation_accuracy3": 1.0,
  "validation_loss": 0.5883776942888895,
  "best_epoch": 8,
  "best_validation_accuracy": 0.6843341160684334,
  "best_validation_accuracy3": 1.0,
  "best_validation_loss": 0.5883776942888895
}