{
  "peak_cpu_memory_MB": 567.272,
  "training_duration": "00:00:03",
  "training_start_epoch": 0,
  "training_epochs": 10,
  "epoch": 10,
  "training_accuracy": 0.7617234468937876,
  "training_accuracy3": 1.0,
  "training_loss": 0.5594920118649801,
  "training_cpu_memory_MB": 567.272,
  "validation_accuracy": 0.7039919490103992,
  "validation_accuracy3": 1.0,
  "validation_loss": 0.5799318154652914,
  "best_epoch": 10,
  "best_validation_accuracy": 0.7039919490103992,
  "best_validation_accuracy3": 1.0,
  "best_validation_loss": 0.5799318154652914
}