{
  "peak_cpu_memory_MB": 567.252,
  "training_duration": "00:00:02",
  "training_start_epoch": 0,
  "training_epochs": 6,
  "epoch": 6,
  "training_accuracy": 0.580310621242485,
  "training_accuracy3": 1.0,
  "training_loss": 0.6226604183514913,
  "training_cpu_memory_MB": 567.252,
  "validation_accuracy": 0.6421335122442133,
  "validation_accuracy3": 1.0,
  "validation_loss": 0.5943501989046732,
  "best_epoch": 6,
  "best_validation_accuracy": 0.6421335122442133,
  "best_validation_accuracy3": 1.0,
  "best_validation_loss": 0.5943501989046732
}