{
  "peak_cpu_memory_MB": 3038.26,
  "peak_gpu_0_memory_MB": 1178,
  "training_duration": "00:41:44",
  "training_start_epoch": 0,
  "training_epochs": 6,
  "epoch": 6,
  "training_accuracy": 0.9558351862419079,
  "training_accuracy3": 1.0,
  "training_loss": 0.1344771817160489,
  "training_cpu_memory_MB": 3038.26,
  "training_gpu_0_memory_MB": 1178,
  "validation_accuracy": 0.941191064199285,
  "validation_accuracy3": 1.0,
  "validation_loss": 0.16702208713609346,
  "best_epoch": 6,
  "best_validation_accuracy": 0.941191064199285,
  "best_validation_accuracy3": 1.0,
  "best_validation_loss": 0.16702208713609346
}