{
  "peak_cpu_memory_MB": 2892.508,
  "peak_gpu_0_memory_MB": 349,
  "training_duration": "00:04:05",
  "training_start_epoch": 0,
  "training_epochs": 0,
  "epoch": 0,
  "training_accuracy": 0.9552871479929192,
  "training_accuracy3": 1.0,
  "training_loss": 0.15278653365320863,
  "training_cpu_memory_MB": 2892.508,
  "training_gpu_0_memory_MB": 349,
  "validation_accuracy": 0.939476978246896,
  "validation_accuracy3": 1.0,
  "validation_loss": 0.18648571118104215,
  "best_epoch": 0,
  "best_validation_accuracy": 0.939476978246896,
  "best_validation_accuracy3": 1.0,
  "best_validation_loss": 0.18648571118104215
}