{
  "peak_cpu_memory_MB": 2838.404,
  "peak_gpu_0_memory_MB": 685,
  "training_duration": "00:08:02",
  "training_start_epoch": 0,
  "training_epochs": 0,
  "epoch": 0,
  "training_accuracy": 0.769309810287938,
  "training_accuracy3": 1.0,
  "training_loss": 0.41630835109300734,
  "training_cpu_memory_MB": 2838.404,
  "training_gpu_0_memory_MB": 685,
  "validation_accuracy": 0.7248552843446237,
  "validation_accuracy3": 1.0,
  "validation_loss": 0.47074788748001567,
  "best_epoch": 0,
  "best_validation_accuracy": 0.7248552843446237,
  "best_validation_accuracy3": 1.0,
  "best_validation_loss": 0.47074788748001567
}