{
  "peak_cpu_memory_MB": 2995.712,
  "peak_gpu_0_memory_MB": 859,
  "training_duration": "00:16:09",
  "training_start_epoch": 0,
  "training_epochs": 1,
  "epoch": 1,
  "training_accuracy": 0.7929893678579704,
  "training_accuracy3": 1.0,
  "training_loss": 0.38710135911552584,
  "training_cpu_memory_MB": 2995.712,
  "training_gpu_0_memory_MB": 859,
  "validation_accuracy": 0.7250615975280361,
  "validation_accuracy3": 1.0,
  "validation_loss": 0.47240868879824266,
  "best_epoch": 0,
  "best_validation_accuracy": 0.7248552843446237,
  "best_validation_accuracy3": 1.0,
  "best_validation_loss": 0.47074788748001567
}