{
  "peak_cpu_memory_MB": 2995.856,
  "peak_gpu_0_memory_MB": 925,
  "training_duration": "00:57:27",
  "training_start_epoch": 0,
  "training_epochs": 6,
  "epoch": 6,
  "training_accuracy": 0.8242093957067331,
  "training_accuracy3": 1.0,
  "training_loss": 0.3392608251322312,
  "training_cpu_memory_MB": 2995.856,
  "training_gpu_0_memory_MB": 908,
  "validation_accuracy": 0.7584321620910197,
  "validation_accuracy3": 1.0,
  "validation_loss": 0.46587596590421637,
  "best_epoch": 2,
  "best_validation_accuracy": 0.7272622714844352,
  "best_validation_accuracy3": 1.0,
  "best_validation_loss": 0.46333449166648244
}