{
  "peak_cpu_memory_MB": 2995.808,
  "peak_gpu_0_memory_MB": 875,
  "training_duration": "00:32:38",
  "training_start_epoch": 0,
  "training_epochs": 3,
  "epoch": 3,
  "training_accuracy": 0.8079425014012065,
  "training_accuracy3": 1.0,
  "training_loss": 0.36583643654461045,
  "training_cpu_memory_MB": 2995.808,
  "training_gpu_0_memory_MB": 875,
  "validation_accuracy": 0.714347540485998,
  "validation_accuracy3": 1.0,
  "validation_loss": 0.4804445867027555,
  "best_epoch": 2,
  "best_validation_accuracy": 0.7272622714844352,
  "best_validation_accuracy3": 1.0,
  "best_validation_loss": 0.46333449166648244
}