{
  "peak_cpu_memory_MB": 2995.828,
  "peak_gpu_0_memory_MB": 897,
  "training_duration": "00:49:17",
  "training_start_epoch": 0,
  "training_epochs": 5,
  "epoch": 5,
  "training_accuracy": 0.8182117301528012,
  "training_accuracy3": 1.0,
  "training_loss": 0.34866102311881364,
  "training_cpu_memory_MB": 2995.828,
  "training_gpu_0_memory_MB": 897,
  "validation_accuracy": 0.7414551956536689,
  "validation_accuracy3": 1.0,
  "validation_loss": 0.46928475553892096,
  "best_epoch": 2,
  "best_validation_accuracy": 0.7272622714844352,
  "best_validation_accuracy3": 1.0,
  "best_validation_loss": 0.46333449166648244
}